[
    {
        "bbox": [
            33,
            25,
            75,
            79
        ],
        "text": "So"
    },
    {
        "bbox": [
            78,
            24,
            182,
            62
        ],
        "text": "Be"
    },
    {
        "bbox": [
            185,
            25,
            314,
            79
        ],
        "text": "Nantre"
    },
    {
        "bbox": [
            715,
            50,
            869,
            78
        ],
        "text": "Amount"
    },
    {
        "bbox": [
            877,
            49,
            1065,
            87
        ],
        "text": "Approved"
    },
    {
        "bbox": [
            1077,
            49,
            1112,
            78
        ],
        "text": "in"
    },
    {
        "bbox": [
            1125,
            49,
            1259,
            87
        ],
        "text": "Budget"
    },
    {
        "bbox": [
            1419,
            49,
            1540,
            78
        ],
        "text": "Actual"
    },
    {
        "bbox": [
            1550,
            50,
            1704,
            78
        ],
        "text": "Amount"
    },
    {
        "bbox": [
            1715,
            49,
            1850,
            78
        ],
        "text": "Earned"
    },
    {
        "bbox": [
            34,
            73,
            111,
            111
        ],
        "text": "(i-e.,"
    },
    {
        "bbox": [
            123,
            76,
            350,
            111
        ],
        "text": "registration"
    },
    {
        "bbox": [
            361,
            72,
            451,
            111
        ],
        "text": "fees)"
    },
    {
        "bbox": [
            14,
            121,
            1955,
            163
        ],
        "text": "GO"
    },
    {
        "bbox": [
            14,
            223,
            1955,
            243
        ],
        "text": "a"
    },
    {
        "bbox": [
            32,
            262,
            130,
            291
        ],
        "text": "Total"
    },
    {
        "bbox": [
            143,
            263,
            309,
            298
        ],
        "text": "Program"
    },
    {
        "bbox": [
            321,
            263,
            460,
            291
        ],
        "text": "Income"
    },
    {
        "bbox": [
            473,
            262,
            608,
            291
        ],
        "text": "Earned"
    }
]