[
    {
        "bbox": [
            13,
            18,
            28,
            75
        ],
        "text": "|"
    },
    {
        "bbox": [
            41,
            22,
            56,
            71
        ],
        "text": "#"
    },
    {
        "bbox": [
            74,
            18,
            94,
            75
        ],
        "text": "|"
    },
    {
        "bbox": [
            304,
            32,
            489,
            70
        ],
        "text": "Challenge"
    },
    {
        "bbox": [
            501,
            40,
            542,
            61
        ],
        "text": "or"
    },
    {
        "bbox": [
            553,
            32,
            809,
            70
        ],
        "text": "Development"
    },
    {
        "bbox": [
            1146,
            32,
            1343,
            61
        ],
        "text": "Corrective"
    },
    {
        "bbox": [
            1354,
            32,
            1476,
            61
        ],
        "text": "Action"
    },
    {
        "bbox": [
            1489,
            40,
            1529,
            61
        ],
        "text": "or"
    },
    {
        "bbox": [
            1541,
            32,
            1677,
            70
        ],
        "text": "Project"
    },
    {
        "bbox": [
            1688,
            32,
            1825,
            70
        ],
        "text": "Change"
    },
    {
        "bbox": [
            14,
            80,
            90,
            129
        ],
        "text": "a"
    },
    {
        "bbox": [
            92,
            80,
            1950,
            129
        ],
        "text": " G"
    },
    {
        "bbox": [
            14,
            131,
            1950,
            180
        ],
        "text": "a"
    },
    {
        "bbox": [
            35,
            244,
            58,
            272
        ],
        "text": "4"
    }
]