[
    {
        "bbox": [
            8,
            16,
            64,
            90
        ],
        "text": "[#"
    },
    {
        "bbox": [
            82,
            16,
            224,
            90
        ],
        "text": "|"
    },
    {
        "bbox": [
            365,
            16,
            755,
            90
        ],
        "text": "Outcome/Indicator"
    },
    {
        "bbox": [
            889,
            16,
            1155,
            90
        ],
        "text": "|"
    },
    {
        "bbox": [
            1290,
            16,
            1532,
            90
        ],
        "text": "Quanntifiable"
    },
    {
        "bbox": [
            1537,
            16,
            1945,
            90
        ],
        "text": "Results"
    },
    {
        "bbox": [
            9,
            74,
            74,
            149
        ],
        "text": "Ee"
    },
    {
        "bbox": [
            9,
            130,
            1015,
            179
        ],
        "text": "ee"
    },
    {
        "bbox": [
            9,
            176,
            79,
            250
        ],
        "text": "Es"
    },
    {
        "bbox": [
            9,
            231,
            1015,
            281
        ],
        "text": "4p"
    }
]