[
    {
        "bbox": [
            25,
            0,
            35,
            58
        ],
        "text": "|"
    },
    {
        "bbox": [
            49,
            4,
            69,
            54
        ],
        "text": "#"
    },
    {
        "bbox": [
            83,
            0,
            103,
            58
        ],
        "text": "|"
    },
    {
        "bbox": [
            322,
            10,
            644,
            57
        ],
        "text": "Accomplishment/"
    },
    {
        "bbox": [
            662,
            10,
            812,
            57
        ],
        "text": "Activity"
    },
    {
        "bbox": [
            1282,
            14,
            1475,
            44
        ],
        "text": "Relevance"
    },
    {
        "bbox": [
            1486,
            18,
            1522,
            44
        ],
        "text": "to"
    },
    {
        "bbox": [
            1535,
            15,
            1713,
            53
        ],
        "text": "Objective"
    },
    {
        "bbox": [
            22,
            59,
            95,
            132
        ],
        "text": "Ee"
    },
    {
        "bbox": [
            26,
            114,
            1962,
            163
        ],
        "text": "a"
    },
    {
        "bbox": [
            26,
            216,
            1962,
            265
        ],
        "text": "eG"
    }
]