[
    {
        "bbox": [
            308,
            23,
            462,
            51
        ],
        "text": "Amount"
    },
    {
        "bbox": [
            473,
            22,
            673,
            60
        ],
        "text": "Requested"
    },
    {
        "bbox": [
            1037,
            22,
            1154,
            51
        ],
        "text": "Direct"
    },
    {
        "bbox": [
            1163,
            21,
            1299,
            60
        ],
        "text": "and/or"
    },
    {
        "bbox": [
            1310,
            22,
            1463,
            52
        ],
        "text": "Indirect"
    },
    {
        "bbox": [
            1473,
            22,
            1660,
            60
        ],
        "text": "Expended"
    },
    {
        "bbox": [
            1671,
            25,
            1707,
            51
        ],
        "text": "to"
    },
    {
        "bbox": [
            1720,
            23,
            1806,
            51
        ],
        "text": "Date"
    }
]