[
    {
        "bbox": [
            12,
            34,
            172,
            65
        ],
        "text": "GRANT"
    },
    {
        "bbox": [
            192,
            34,
            530,
            66
        ],
        "text": "INFORMATION"
    },
    {
        "bbox": [
            10,
            146,
            294,
            178
        ],
        "text": "AGREEMENT"
    },
    {
        "bbox": [
            33,
            239,
            117,
            269
        ],
        "text": "AMS"
    },
    {
        "bbox": [
            126,
            239,
            340,
            275
        ],
        "text": "Agreement"
    },
    {
        "bbox": [
            349,
            238,
            514,
            269
        ],
        "text": "Number:"
    },
    {
        "bbox": [
            713,
            240,
            808,
            268
        ],
        "text": "Enter"
    },
    {
        "bbox": [
            819,
            240,
            1015,
            277
        ],
        "text": "Agreement"
    },
    {
        "bbox": [
            1027,
            239,
            1170,
            268
        ],
        "text": "Number"
    },
    {
        "bbox": [
            1184,
            239,
            1260,
            277
        ],
        "text": "(e.g.,"
    },
    {
        "bbox": [
            1276,
            239,
            1609,
            277
        ],
        "text": "16SCBGPXX####)."
    },
    {
        "bbox": [
            36,
            289,
            162,
            320
        ],
        "text": "Period"
    },
    {
        "bbox": [
            174,
            289,
            213,
            320
        ],
        "text": "of"
    },
    {
        "bbox": [
            220,
            289,
            478,
            320
        ],
        "text": "Performance:"
    },
    {
        "bbox": [
            33,
            340,
            160,
            371
        ],
        "text": "Award"
    },
    {
        "bbox": [
            169,
            341,
            333,
            371
        ],
        "text": "Amount:"
    },
    {
        "bbox": [
            690,
            331,
            1959,
            380
        ],
        "text": "pT"
    },
    {
        "bbox": [
            13,
            432,
            255,
            464
        ],
        "text": "RECIPIENT"
    },
    {
        "bbox": [
            36,
            525,
            218,
            563
        ],
        "text": "Recipient"
    },
    {
        "bbox": [
            228,
            515,
            1959,
            564
        ],
        "text": "OrganizationName:|_+\u2014=~=~=~*~\u201c\u2018;2C#2S\u201d!\u201d!\u201d*\u201d*<\u2018<\u2018<\u2018<\u2018C\u2018C\u2018i\u2018i\u2018i\u2018C;:;:*;*d"
    },
    {
        "bbox": [
            13,
            566,
            1959,
            586
        ],
        "text": "TT"
    },
    {
        "bbox": [
            725,
            597,
            934,
            636
        ],
        "text": "Recipient\u2019s"
    },
    {
        "bbox": [
            947,
            598,
            1048,
            628
        ],
        "text": "Point"
    },
    {
        "bbox": [
            1059,
            597,
            1097,
            628
        ],
        "text": "of"
    },
    {
        "bbox": [
            1105,
            598,
            1250,
            628
        ],
        "text": "Contact"
    },
    {
        "bbox": [
            12,
            863,
            191,
            895
        ],
        "text": "REPORT"
    },
    {
        "bbox": [
            36,
            958,
            168,
            995
        ],
        "text": "Report"
    },
    {
        "bbox": [
            177,
            958,
            281,
            995
        ],
        "text": "Type:"
    },
    {
        "bbox": [
            713,
            958,
            809,
            986
        ],
        "text": "Enter"
    },
    {
        "bbox": [
            821,
            957,
            874,
            986
        ],
        "text": "the"
    },
    {
        "bbox": [
            887,
            958,
            972,
            995
        ],
        "text": "Type"
    },
    {
        "bbox": [
            985,
            957,
            1019,
            986
        ],
        "text": "of"
    },
    {
        "bbox": [
            1028,
            957,
            1152,
            986
        ],
        "text": "Annual"
    },
    {
        "bbox": [
            1167,
            958,
            1286,
            995
        ],
        "text": "Report"
    },
    {
        "bbox": [
            1300,
            957,
            1376,
            995
        ],
        "text": "(e.g.,"
    },
    {
        "bbox": [
            1391,
            958,
            1442,
            986
        ],
        "text": "1st"
    },
    {
        "bbox": [
            1453,
            957,
            1585,
            991
        ],
        "text": "Annual,"
    },
    {
        "bbox": [
            1599,
            957,
            1648,
            986
        ],
        "text": "2.4"
    },
    {
        "bbox": [
            1660,
            957,
            1808,
            995
        ],
        "text": "Annual)."
    },
    {
        "bbox": [
            36,
            1009,
            122,
            1038
        ],
        "text": "Date"
    },
    {
        "bbox": [
            134,
            1009,
            266,
            1046
        ],
        "text": "Report"
    },
    {
        "bbox": [
            276,
            1008,
            306,
            1038
        ],
        "text": "is"
    },
    {
        "bbox": [
            317,
            1007,
            523,
            1038
        ],
        "text": "Submitted:"
    }
]