[
    {
        "bbox": [
            559,
            8,
            672,
            29
        ],
        "text": "Number"
    },
    {
        "bbox": [
            679,
            8,
            708,
            29
        ],
        "text": "of"
    },
    {
        "bbox": [
            801,
            9,
            932,
            35
        ],
        "text": "meetings"
    },
    {
        "bbox": [
            941,
            8,
            969,
            29
        ],
        "text": "of"
    },
    {
        "bbox": [
            520,
            44,
            651,
            70
        ],
        "text": "meetings"
    },
    {
        "bbox": [
            667,
            43,
            688,
            64
        ],
        "text": "of"
    },
    {
        "bbox": [
            708,
            39,
            746,
            74
        ],
        "text": "CSR"
    },
    {
        "bbox": [
            776,
            43,
            992,
            64
        ],
        "text": "CSRCommittee"
    },
    {
        "bbox": [
            19,
            79,
            101,
            98
        ],
        "text": "Name"
    },
    {
        "bbox": [
            110,
            77,
            138,
            98
        ],
        "text": "of"
    },
    {
        "bbox": [
            144,
            77,
            190,
            98
        ],
        "text": "the"
    },
    {
        "bbox": [
            270,
            78,
            401,
            104
        ],
        "text": "Category"
    },
    {
        "bbox": [
            409,
            77,
            437,
            98
        ],
        "text": "of"
    },
    {
        "bbox": [
            519,
            77,
            676,
            98
        ],
        "text": "Committee"
    },
    {
        "bbox": [
            685,
            77,
            745,
            98
        ],
        "text": "held"
    },
    {
        "bbox": [
            767,
            77,
            899,
            98
        ],
        "text": "attended"
    },
    {
        "bbox": [
            908,
            77,
            1000,
            104
        ],
        "text": "during"
    },
    {
        "bbox": [
            19,
            107,
            149,
            142
        ],
        "text": "Members"
    },
    {
        "bbox": [
            271,
            111,
            445,
            138
        ],
        "text": "Directorship"
    },
    {
        "bbox": [
            524,
            111,
            616,
            138
        ],
        "text": "during"
    },
    {
        "bbox": [
            624,
            111,
            670,
            132
        ],
        "text": "the"
    },
    {
        "bbox": [
            678,
            117,
            741,
            138
        ],
        "text": "year"
    },
    {
        "bbox": [
            826,
            111,
            872,
            132
        ],
        "text": "the"
    },
    {
        "bbox": [
            879,
            117,
            942,
            138
        ],
        "text": "year"
    },
    {
        "bbox": [
            19,
            164,
            49,
            187
        ],
        "text": "O."
    },
    {
        "bbox": [
            60,
            165,
            82,
            187
        ],
        "text": "P."
    },
    {
        "bbox": [
            93,
            163,
            174,
            187
        ],
        "text": "Bhatt"
    },
    {
        "bbox": [
            183,
            177,
            197,
            180
        ],
        "text": "-"
    },
    {
        "bbox": [
            272,
            163,
            470,
            194
        ],
        "text": "Independent"
    },
    {
        "bbox": [
            624,
            164,
            640,
            187
        ],
        "text": "2"
    },
    {
        "bbox": [
            876,
            164,
            892,
            187
        ],
        "text": "2"
    },
    {
        "bbox": [
            19,
            199,
            207,
            238
        ],
        "text": "Chairperson"
    },
    {
        "bbox": [
            272,
            204,
            393,
            227
        ],
        "text": "Director"
    },
    {
        "bbox": [
            19,
            251,
            110,
            281
        ],
        "text": "Sanjiv"
    },
    {
        "bbox": [
            120,
            251,
            202,
            274
        ],
        "text": "Misra"
    },
    {
        "bbox": [
            272,
            250,
            470,
            281
        ],
        "text": "Independent"
    },
    {
        "bbox": [
            624,
            251,
            640,
            274
        ],
        "text": "2"
    },
    {
        "bbox": [
            876,
            252,
            892,
            274
        ],
        "text": "2"
    },
    {
        "bbox": [
            272,
            291,
            393,
            314
        ],
        "text": "Director"
    },
    {
        "bbox": [
            20,
            338,
            149,
            369
        ],
        "text": "Kalpana"
    },
    {
        "bbox": [
            272,
            338,
            470,
            369
        ],
        "text": "Independent"
    },
    {
        "bbox": [
            624,
            339,
            640,
            362
        ],
        "text": "2"
    },
    {
        "bbox": [
            876,
            340,
            892,
            362
        ],
        "text": "2"
    },
    {
        "bbox": [
            20,
            375,
            161,
            413
        ],
        "text": "Morparia"
    },
    {
        "bbox": [
            272,
            379,
            393,
            402
        ],
        "text": "Director"
    },
    {
        "bbox": [
            20,
            428,
            72,
            450
        ],
        "text": "Leo"
    },
    {
        "bbox": [
            83,
            427,
            137,
            450
        ],
        "text": "Puri"
    },
    {
        "bbox": [
            272,
            426,
            470,
            457
        ],
        "text": "Independent"
    },
    {
        "bbox": [
            624,
            427,
            640,
            450
        ],
        "text": "2"
    },
    {
        "bbox": [
            876,
            428,
            892,
            450
        ],
        "text": "2"
    },
    {
        "bbox": [
            272,
            467,
            393,
            490
        ],
        "text": "Director"
    },
    {
        "bbox": [
            19,
            514,
            217,
            545
        ],
        "text": "SanjivMehta"
    },
    {
        "bbox": [
            272,
            515,
            413,
            538
        ],
        "text": "Executive"
    },
    {
        "bbox": [
            624,
            515,
            640,
            538
        ],
        "text": "2"
    },
    {
        "bbox": [
            876,
            516,
            892,
            538
        ],
        "text": "2"
    },
    {
        "bbox": [
            272,
            555,
            393,
            578
        ],
        "text": "Director"
    },
    {
        "bbox": [
            20,
            601,
            109,
            625
        ],
        "text": "Ritesh"
    },
    {
        "bbox": [
            119,
            602,
            209,
            625
        ],
        "text": "Tiwari"
    },
    {
        "bbox": [
            272,
            602,
            413,
            625
        ],
        "text": "Executive"
    },
    {
        "bbox": [
            624,
            603,
            640,
            625
        ],
        "text": "2"
    },
    {
        "bbox": [
            876,
            603,
            892,
            625
        ],
        "text": "2"
    },
    {
        "bbox": [
            272,
            643,
            393,
            666
        ],
        "text": "Director"
    }
]