[
    {
        "bbox": [
            1903,
            0,
            1922,
            18
        ],
        "text": "(x"
    },
    {
        "bbox": [
            1930,
            3,
            1947,
            15
        ],
        "text": "In"
    },
    {
        "bbox": [
            1956,
            0,
            2031,
            18
        ],
        "text": "crores)"
    },
    {
        "bbox": [
            1475,
            39,
            1570,
            60
        ],
        "text": "Forthe"
    },
    {
        "bbox": [
            1577,
            39,
            1735,
            66
        ],
        "text": "yearended"
    },
    {
        "bbox": [
            1771,
            39,
            1866,
            60
        ],
        "text": "Forthe"
    },
    {
        "bbox": [
            1873,
            45,
            1936,
            66
        ],
        "text": "year"
    },
    {
        "bbox": [
            1943,
            39,
            2031,
            60
        ],
        "text": "ended"
    },
    {
        "bbox": [
            1502,
            74,
            1558,
            94
        ],
        "text": "31st"
    },
    {
        "bbox": [
            1567,
            73,
            1662,
            98
        ],
        "text": "March,"
    },
    {
        "bbox": [
            1671,
            74,
            1735,
            94
        ],
        "text": "2023"
    },
    {
        "bbox": [
            1798,
            74,
            1854,
            94
        ],
        "text": "31st"
    },
    {
        "bbox": [
            1863,
            73,
            1958,
            98
        ],
        "text": "March,"
    },
    {
        "bbox": [
            1966,
            74,
            2032,
            94
        ],
        "text": "2022"
    },
    {
        "bbox": [
            28,
            127,
            162,
            149
        ],
        "text": "Turnover"
    },
    {
        "bbox": [
            1637,
            126,
            1736,
            154
        ],
        "text": "58,154"
    },
    {
        "bbox": [
            1933,
            127,
            2032,
            153
        ],
        "text": "50,336"
    },
    {
        "bbox": [
            30,
            180,
            135,
            202
        ],
        "text": "EBITDA"
    },
    {
        "bbox": [
            1639,
            179,
            1735,
            207
        ],
        "text": "13,632"
    },
    {
        "bbox": [
            1935,
            179,
            2031,
            206
        ],
        "text": "12,503"
    },
    {
        "bbox": [
            30,
            232,
            109,
            256
        ],
        "text": "Profit"
    },
    {
        "bbox": [
            119,
            232,
            217,
            256
        ],
        "text": "before"
    },
    {
        "bbox": [
            226,
            232,
            407,
            263
        ],
        "text": "exceptional"
    },
    {
        "bbox": [
            416,
            233,
            498,
            256
        ],
        "text": "items"
    },
    {
        "bbox": [
            508,
            232,
            566,
            256
        ],
        "text": "and"
    },
    {
        "bbox": [
            576,
            235,
            625,
            256
        ],
        "text": "tax"
    },
    {
        "bbox": [
            1639,
            233,
            1731,
            261
        ],
        "text": "13,141"
    },
    {
        "bbox": [
            1935,
            233,
            2031,
            260
        ],
        "text": "11,773"
    },
    {
        "bbox": [
            30,
            285,
            109,
            309
        ],
        "text": "Profit"
    },
    {
        "bbox": [
            117,
            285,
            159,
            309
        ],
        "text": "for"
    },
    {
        "bbox": [
            167,
            285,
            216,
            309
        ],
        "text": "the"
    },
    {
        "bbox": [
            225,
            292,
            292,
            316
        ],
        "text": "year"
    },
    {
        "bbox": [
            1655,
            286,
            1735,
            314
        ],
        "text": "9,962"
    },
    {
        "bbox": [
            1951,
            286,
            2031,
            314
        ],
        "text": "8,818"
    }
]