[
    {
        "bbox": [
            1915,
            13,
            1959,
            33
        ],
        "text": "(Zin"
    },
    {
        "bbox": [
            1968,
            13,
            2043,
            33
        ],
        "text": "crores)"
    },
    {
        "bbox": [
            1486,
            54,
            1582,
            75
        ],
        "text": "Forthe"
    },
    {
        "bbox": [
            1589,
            54,
            1747,
            81
        ],
        "text": "yearended"
    },
    {
        "bbox": [
            1782,
            54,
            1878,
            75
        ],
        "text": "Forthe"
    },
    {
        "bbox": [
            1885,
            60,
            1948,
            81
        ],
        "text": "year"
    },
    {
        "bbox": [
            1955,
            54,
            2043,
            75
        ],
        "text": "ended"
    },
    {
        "bbox": [
            1514,
            89,
            1570,
            109
        ],
        "text": "31st"
    },
    {
        "bbox": [
            1579,
            88,
            1674,
            113
        ],
        "text": "March,"
    },
    {
        "bbox": [
            1683,
            89,
            1747,
            109
        ],
        "text": "2023"
    },
    {
        "bbox": [
            1810,
            89,
            1866,
            109
        ],
        "text": "31st"
    },
    {
        "bbox": [
            1875,
            88,
            1970,
            113
        ],
        "text": "March,"
    },
    {
        "bbox": [
            1978,
            89,
            2044,
            109
        ],
        "text": "2022"
    },
    {
        "bbox": [
            40,
            142,
            183,
            164
        ],
        "text": "Turnover"
    },
    {
        "bbox": [
            1649,
            141,
            1748,
            169
        ],
        "text": "58,154"
    },
    {
        "bbox": [
            1945,
            141,
            2043,
            169
        ],
        "text": "50,336"
    },
    {
        "bbox": [
            41,
            193,
            129,
            217
        ],
        "text": "Other"
    },
    {
        "bbox": [
            138,
            193,
            321,
            224
        ],
        "text": "operational"
    },
    {
        "bbox": [
            330,
            194,
            441,
            217
        ],
        "text": "income"
    },
    {
        "bbox": [
            1695,
            194,
            1747,
            217
        ],
        "text": "990"
    },
    {
        "bbox": [
            1991,
            195,
            2043,
            217
        ],
        "text": "857"
    },
    {
        "bbox": [
            40,
            247,
            123,
            271
        ],
        "text": "Total"
    },
    {
        "bbox": [
            132,
            249,
            268,
            271
        ],
        "text": "Revenue"
    },
    {
        "bbox": [
            276,
            247,
            352,
            271
        ],
        "text": "from"
    },
    {
        "bbox": [
            362,
            247,
            541,
            278
        ],
        "text": "operations"
    },
    {
        "bbox": [
            1646,
            248,
            1749,
            276
        ],
        "text": "59,144"
    },
    {
        "bbox": [
            1942,
            248,
            2043,
            276
        ],
        "text": "51,193"
    },
    {
        "bbox": [
            41,
            301,
            198,
            331
        ],
        "text": "Operating"
    },
    {
        "bbox": [
            209,
            301,
            290,
            324
        ],
        "text": "Costs"
    },
    {
        "bbox": [
            1648,
            301,
            1747,
            329
        ],
        "text": "45,512"
    },
    {
        "bbox": [
            1945,
            301,
            2043,
            329
        ],
        "text": "38,690"
    },
    {
        "bbox": [
            42,
            353,
            130,
            377
        ],
        "text": "Profit"
    },
    {
        "bbox": [
            139,
            353,
            243,
            377
        ],
        "text": "Before"
    },
    {
        "bbox": [
            254,
            353,
            474,
            384
        ],
        "text": "Depreciation,"
    },
    {
        "bbox": [
            485,
            355,
            619,
            381
        ],
        "text": "Interest,"
    },
    {
        "bbox": [
            629,
            355,
            685,
            377
        ],
        "text": "Tax"
    },
    {
        "bbox": [
            695,
            354,
            810,
            381
        ],
        "text": "(PBDIT)"
    },
    {
        "bbox": [
            1651,
            354,
            1747,
            382
        ],
        "text": "13,632"
    },
    {
        "bbox": [
            1947,
            354,
            2043,
            381
        ],
        "text": "12,503"
    },
    {
        "bbox": [
            42,
            403,
            239,
            441
        ],
        "text": "Depreciation"
    },
    {
        "bbox": [
            1669,
            407,
            1747,
            435
        ],
        "text": "1,030"
    },
    {
        "bbox": [
            1965,
            407,
            2043,
            435
        ],
        "text": "1,025"
    },
    {
        "bbox": [
            42,
            460,
            129,
            484
        ],
        "text": "Profit"
    },
    {
        "bbox": [
            139,
            460,
            243,
            484
        ],
        "text": "Before"
    },
    {
        "bbox": [
            254,
            462,
            379,
            484
        ],
        "text": "Interest"
    },
    {
        "bbox": [
            387,
            462,
            409,
            484
        ],
        "text": "&"
    },
    {
        "bbox": [
            417,
            462,
            473,
            484
        ],
        "text": "Tax"
    },
    {
        "bbox": [
            483,
            461,
            574,
            488
        ],
        "text": "(PBIT)"
    },
    {
        "bbox": [
            1651,
            461,
            1747,
            489
        ],
        "text": "12,602"
    },
    {
        "bbox": [
            1947,
            461,
            2043,
            489
        ],
        "text": "11,478"
    },
    {
        "bbox": [
            41,
            513,
            129,
            537
        ],
        "text": "Other"
    },
    {
        "bbox": [
            139,
            515,
            250,
            537
        ],
        "text": "Income"
    },
    {
        "bbox": [
            261,
            513,
            331,
            541
        ],
        "text": "(net)"
    },
    {
        "bbox": [
            1695,
            514,
            1747,
            537
        ],
        "text": "539"
    },
    {
        "bbox": [
            1991,
            514,
            2043,
            537
        ],
        "text": "295"
    },
    {
        "bbox": [
            42,
            566,
            129,
            590
        ],
        "text": "Profit"
    },
    {
        "bbox": [
            139,
            566,
            244,
            590
        ],
        "text": "before"
    },
    {
        "bbox": [
            254,
            566,
            448,
            597
        ],
        "text": "exceptional"
    },
    {
        "bbox": [
            457,
            566,
            544,
            590
        ],
        "text": "items"
    },
    {
        "bbox": [
            1651,
            567,
            1743,
            595
        ],
        "text": "13,141"
    },
    {
        "bbox": [
            1947,
            567,
            2043,
            595
        ],
        "text": "11,773"
    },
    {
        "bbox": [
            42,
            619,
            220,
            650
        ],
        "text": "Exceptional"
    },
    {
        "bbox": [
            230,
            620,
            312,
            643
        ],
        "text": "items"
    },
    {
        "bbox": [
            1702,
            620,
            1758,
            647
        ],
        "text": "(62)"
    },
    {
        "bbox": [
            1999,
            620,
            2054,
            647
        ],
        "text": "(34)"
    },
    {
        "bbox": [
            42,
            672,
            129,
            696
        ],
        "text": "Profit"
    },
    {
        "bbox": [
            139,
            672,
            243,
            696
        ],
        "text": "Before"
    },
    {
        "bbox": [
            252,
            674,
            308,
            696
        ],
        "text": "Tax"
    },
    {
        "bbox": [
            318,
            673,
            398,
            700
        ],
        "text": "(PBT)"
    },
    {
        "bbox": [
            1651,
            673,
            1747,
            701
        ],
        "text": "13,079"
    },
    {
        "bbox": [
            1947,
            673,
            2043,
            701
        ],
        "text": "11,739"
    },
    {
        "bbox": [
            40,
            727,
            171,
            751
        ],
        "text": "Taxation"
    },
    {
        "bbox": [
            1667,
            727,
            1747,
            755
        ],
        "text": "3,117"
    },
    {
        "bbox": [
            1963,
            727,
            2038,
            755
        ],
        "text": "2,921"
    },
    {
        "bbox": [
            42,
            779,
            129,
            803
        ],
        "text": "Profit"
    },
    {
        "bbox": [
            138,
            779,
            184,
            803
        ],
        "text": "for"
    },
    {
        "bbox": [
            191,
            779,
            244,
            803
        ],
        "text": "the"
    },
    {
        "bbox": [
            253,
            786,
            324,
            810
        ],
        "text": "year"
    },
    {
        "bbox": [
            1667,
            780,
            1747,
            808
        ],
        "text": "9,962"
    },
    {
        "bbox": [
            1963,
            780,
            2043,
            808
        ],
        "text": "8,818"
    },
    {
        "bbox": [
            42,
            833,
            119,
            856
        ],
        "text": "Basic"
    },
    {
        "bbox": [
            130,
            833,
            181,
            856
        ],
        "text": "EPS"
    },
    {
        "bbox": [
            192,
            832,
            228,
            860
        ],
        "text": "(2)"
    },
    {
        "bbox": [
            1669,
            833,
            1747,
            856
        ],
        "text": "42.40"
    },
    {
        "bbox": [
            1966,
            833,
            2043,
            856
        ],
        "text": "37.53"
    },
    {
        "bbox": [
            35,
            938,
            114,
            981
        ],
        "text": "Key"
    },
    {
        "bbox": [
            128,
            936,
            340,
            971
        ],
        "text": "Financial"
    },
    {
        "bbox": [
            354,
            936,
            497,
            971
        ],
        "text": "Ratios"
    },
    {
        "bbox": [
            1638,
            1018,
            1748,
            1038
        ],
        "text": "2022-23"
    },
    {
        "bbox": [
            1936,
            1018,
            2044,
            1038
        ],
        "text": "2021-22"
    },
    {
        "bbox": [
            42,
            1071,
            139,
            1093
        ],
        "text": "Return"
    },
    {
        "bbox": [
            150,
            1076,
            187,
            1093
        ],
        "text": "on"
    },
    {
        "bbox": [
            199,
            1071,
            251,
            1093
        ],
        "text": "Net"
    },
    {
        "bbox": [
            259,
            1069,
            351,
            1093
        ],
        "text": "Worth"
    },
    {
        "bbox": [
            363,
            1070,
            405,
            1097
        ],
        "text": "(%)"
    },
    {
        "bbox": [
            1689,
            1070,
            1744,
            1093
        ],
        "text": "20.1"
    },
    {
        "bbox": [
            1987,
            1070,
            2044,
            1093
        ],
        "text": "18.6"
    },
    {
        "bbox": [
            42,
            1124,
            139,
            1146
        ],
        "text": "Return"
    },
    {
        "bbox": [
            150,
            1129,
            187,
            1146
        ],
        "text": "on"
    },
    {
        "bbox": [
            198,
            1122,
            310,
            1153
        ],
        "text": "Capital"
    },
    {
        "bbox": [
            320,
            1122,
            470,
            1153
        ],
        "text": "Employed"
    },
    {
        "bbox": [
            481,
            1123,
            524,
            1150
        ],
        "text": "(%)"
    },
    {
        "bbox": [
            1672,
            1123,
            1748,
            1146
        ],
        "text": "101.9"
    },
    {
        "bbox": [
            1968,
            1123,
            2044,
            1146
        ],
        "text": "107.8"
    },
    {
        "bbox": [
            42,
            1176,
            119,
            1199
        ],
        "text": "Basic"
    },
    {
        "bbox": [
            130,
            1176,
            262,
            1206
        ],
        "text": "Earnings"
    },
    {
        "bbox": [
            274,
            1177,
            320,
            1199
        ],
        "text": "Per"
    },
    {
        "bbox": [
            329,
            1175,
            416,
            1199
        ],
        "text": "Share"
    },
    {
        "bbox": [
            426,
            1176,
            500,
            1203
        ],
        "text": "(EPS)"
    },
    {
        "bbox": [
            511,
            1176,
            547,
            1203
        ],
        "text": "(2)"
    },
    {
        "bbox": [
            1670,
            1176,
            1748,
            1199
        ],
        "text": "42.40"
    },
    {
        "bbox": [
            1966,
            1176,
            2044,
            1199
        ],
        "text": "37.53"
    },
    {
        "bbox": [
            42,
            1229,
            161,
            1253
        ],
        "text": "Debtors"
    },
    {
        "bbox": [
            170,
            1231,
            304,
            1253
        ],
        "text": "Turnover"
    },
    {
        "bbox": [
            313,
            1230,
            369,
            1257
        ],
        "text": "(no."
    },
    {
        "bbox": [
            379,
            1229,
            409,
            1253
        ],
        "text": "of"
    },
    {
        "bbox": [
            416,
            1230,
            510,
            1257
        ],
        "text": "times)"
    },
    {
        "bbox": [
            1689,
            1230,
            1748,
            1253
        ],
        "text": "24.9"
    },
    {
        "bbox": [
            1985,
            1230,
            2039,
            1253
        ],
        "text": "28.1"
    },
    {
        "bbox": [
            42,
            1284,
            185,
            1313
        ],
        "text": "Inventory"
    },
    {
        "bbox": [
            193,
            1284,
            327,
            1306
        ],
        "text": "Turnover"
    },
    {
        "bbox": [
            336,
            1283,
            391,
            1310
        ],
        "text": "(no."
    },
    {
        "bbox": [
            401,
            1282,
            431,
            1306
        ],
        "text": "of"
    },
    {
        "bbox": [
            438,
            1283,
            533,
            1310
        ],
        "text": "times)"
    },
    {
        "bbox": [
            1691,
            1283,
            1748,
            1306
        ],
        "text": "14.7"
    },
    {
        "bbox": [
            1987,
            1283,
            2044,
            1306
        ],
        "text": "13.8"
    },
    {
        "bbox": [
            42,
            1337,
            157,
            1359
        ],
        "text": "Interest"
    },
    {
        "bbox": [
            167,
            1336,
            313,
            1366
        ],
        "text": "Coverage"
    },
    {
        "bbox": [
            324,
            1336,
            401,
            1359
        ],
        "text": "Ratio"
    },
    {
        "bbox": [
            1672,
            1336,
            1748,
            1359
        ],
        "text": "143.9"
    },
    {
        "bbox": [
            1968,
            1336,
            2044,
            1359
        ],
        "text": "129.2"
    },
    {
        "bbox": [
            42,
            1388,
            114,
            1412
        ],
        "text": "Debt"
    },
    {
        "bbox": [
            124,
            1389,
            231,
            1412
        ],
        "text": "Service"
    },
    {
        "bbox": [
            241,
            1389,
            387,
            1419
        ],
        "text": "Coverage"
    },
    {
        "bbox": [
            398,
            1389,
            475,
            1412
        ],
        "text": "Ratio"
    },
    {
        "bbox": [
            1689,
            1389,
            1748,
            1412
        ],
        "text": "21.8"
    },
    {
        "bbox": [
            1985,
            1389,
            2045,
            1412
        ],
        "text": "21.4"
    },
    {
        "bbox": [
            41,
            1443,
            156,
            1466
        ],
        "text": "Current"
    },
    {
        "bbox": [
            166,
            1443,
            243,
            1466
        ],
        "text": "Ratio"
    },
    {
        "bbox": [
            1709,
            1443,
            1749,
            1466
        ],
        "text": "1.4"
    },
    {
        "bbox": [
            2005,
            1443,
            2044,
            1466
        ],
        "text": "1.3"
    },
    {
        "bbox": [
            42,
            1495,
            114,
            1519
        ],
        "text": "Debt"
    },
    {
        "bbox": [
            125,
            1496,
            218,
            1526
        ],
        "text": "Equity"
    },
    {
        "bbox": [
            228,
            1496,
            305,
            1519
        ],
        "text": "Ratio"
    },
    {
        "bbox": [
            1707,
            1496,
            1748,
            1519
        ],
        "text": "0.0"
    },
    {
        "bbox": [
            2003,
            1496,
            2044,
            1519
        ],
        "text": "0.0"
    },
    {
        "bbox": [
            41,
            1549,
            198,
            1579
        ],
        "text": "Operating"
    },
    {
        "bbox": [
            210,
            1548,
            289,
            1572
        ],
        "text": "Profit"
    },
    {
        "bbox": [
            299,
            1549,
            405,
            1579
        ],
        "text": "Margin"
    },
    {
        "bbox": [
            416,
            1549,
            459,
            1576
        ],
        "text": "(%)"
    },
    {
        "bbox": [
            1689,
            1549,
            1748,
            1572
        ],
        "text": "21.7"
    },
    {
        "bbox": [
            1985,
            1549,
            2044,
            1572
        ],
        "text": "22.8"
    },
    {
        "bbox": [
            42,
            1603,
            94,
            1625
        ],
        "text": "Net"
    },
    {
        "bbox": [
            105,
            1601,
            183,
            1625
        ],
        "text": "Profit"
    },
    {
        "bbox": [
            193,
            1602,
            299,
            1632
        ],
        "text": "Margin"
    },
    {
        "bbox": [
            311,
            1602,
            353,
            1629
        ],
        "text": "(%)"
    },
    {
        "bbox": [
            1691,
            1603,
            1743,
            1625
        ],
        "text": "17.1"
    },
    {
        "bbox": [
            1987,
            1603,
            2044,
            1625
        ],
        "text": "175"
    }
]