[
    {
        "bbox": [
            1086,
            29,
            1160,
            50
        ],
        "text": "Sales"
    },
    {
        "bbox": [
            1335,
            25,
            1443,
            60
        ],
        "text": "Others*"
    },
    {
        "bbox": [
            1665,
            29,
            1739,
            50
        ],
        "text": "Sales"
    },
    {
        "bbox": [
            1914,
            29,
            2023,
            50
        ],
        "text": "Others*"
    },
    {
        "bbox": [
            21,
            83,
            111,
            105
        ],
        "text": "Home"
    },
    {
        "bbox": [
            121,
            82,
            191,
            105
        ],
        "text": "Care"
    },
    {
        "bbox": [
            1061,
            82,
            1160,
            110
        ],
        "text": "21,103"
    },
    {
        "bbox": [
            1394,
            82,
            1444,
            105
        ],
        "text": "127"
    },
    {
        "bbox": [
            1643,
            83,
            1740,
            110
        ],
        "text": "16,470"
    },
    {
        "bbox": [
            1973,
            82,
            2023,
            105
        ],
        "text": "108"
    },
    {
        "bbox": [
            21,
            136,
            126,
            165
        ],
        "text": "Beauty"
    },
    {
        "bbox": [
            134,
            136,
            155,
            158
        ],
        "text": "&"
    },
    {
        "bbox": [
            165,
            134,
            297,
            158
        ],
        "text": "Personal"
    },
    {
        "bbox": [
            306,
            136,
            377,
            158
        ],
        "text": "Care"
    },
    {
        "bbox": [
            1061,
            135,
            1160,
            163
        ],
        "text": "21,498"
    },
    {
        "bbox": [
            1391,
            135,
            1443,
            158
        ],
        "text": "333"
    },
    {
        "bbox": [
            1643,
            136,
            1740,
            162
        ],
        "text": "19,157"
    },
    {
        "bbox": [
            1971,
            135,
            2023,
            158
        ],
        "text": "303"
    },
    {
        "bbox": [
            21,
            188,
            111,
            212
        ],
        "text": "Foods"
    },
    {
        "bbox": [
            121,
            188,
            179,
            212
        ],
        "text": "and"
    },
    {
        "bbox": [
            191,
            188,
            399,
            212
        ],
        "text": "Refreshments"
    },
    {
        "bbox": [
            1064,
            189,
            1161,
            217
        ],
        "text": "14,744"
    },
    {
        "bbox": [
            1393,
            189,
            1444,
            212
        ],
        "text": "132"
    },
    {
        "bbox": [
            1643,
            189,
            1740,
            217
        ],
        "text": "14,020"
    },
    {
        "bbox": [
            1989,
            189,
            2023,
            212
        ],
        "text": "85"
    },
    {
        "bbox": [
            20,
            241,
            122,
            265
        ],
        "text": "Others"
    },
    {
        "bbox": [
            133,
            241,
            285,
            272
        ],
        "text": "(including"
    },
    {
        "bbox": [
            298,
            243,
            410,
            272
        ],
        "text": "Exports"
    },
    {
        "bbox": [
            420,
            241,
            478,
            265
        ],
        "text": "and"
    },
    {
        "bbox": [
            489,
            242,
            690,
            272
        ],
        "text": "consignment"
    },
    {
        "bbox": [
            699,
            241,
            788,
            269
        ],
        "text": "sales)"
    },
    {
        "bbox": [
            1108,
            242,
            1160,
            265
        ],
        "text": "810"
    },
    {
        "bbox": [
            1392,
            242,
            1444,
            265
        ],
        "text": "397"
    },
    {
        "bbox": [
            1687,
            243,
            1740,
            265
        ],
        "text": "689"
    },
    {
        "bbox": [
            1971,
            242,
            2018,
            265
        ],
        "text": "361"
    },
    {
        "bbox": [
            19,
            294,
            102,
            318
        ],
        "text": "Total"
    },
    {
        "bbox": [
            1059,
            295,
            1161,
            323
        ],
        "text": "58,154"
    },
    {
        "bbox": [
            1389,
            295,
            1444,
            318
        ],
        "text": "990"
    },
    {
        "bbox": [
            1638,
            295,
            1740,
            323
        ],
        "text": "50,336"
    },
    {
        "bbox": [
            1969,
            296,
            2023,
            318
        ],
        "text": "857"
    }
]