[
    {
        "bbox": [
            1632,
            25,
            1741,
            45
        ],
        "text": "2022-23"
    },
    {
        "bbox": [
            1930,
            25,
            2038,
            45
        ],
        "text": "2021-22"
    },
    {
        "bbox": [
            36,
            78,
            133,
            100
        ],
        "text": "Return"
    },
    {
        "bbox": [
            144,
            83,
            181,
            100
        ],
        "text": "on"
    },
    {
        "bbox": [
            193,
            78,
            245,
            100
        ],
        "text": "Net"
    },
    {
        "bbox": [
            253,
            76,
            345,
            100
        ],
        "text": "Worth"
    },
    {
        "bbox": [
            357,
            77,
            399,
            104
        ],
        "text": "(%)"
    },
    {
        "bbox": [
            1683,
            72,
            1737,
            108
        ],
        "text": "20.1"
    },
    {
        "bbox": [
            1981,
            77,
            2038,
            100
        ],
        "text": "18.6"
    },
    {
        "bbox": [
            36,
            131,
            133,
            153
        ],
        "text": "Return"
    },
    {
        "bbox": [
            144,
            136,
            181,
            153
        ],
        "text": "on"
    },
    {
        "bbox": [
            192,
            129,
            304,
            160
        ],
        "text": "Capital"
    },
    {
        "bbox": [
            314,
            129,
            464,
            160
        ],
        "text": "Employed"
    },
    {
        "bbox": [
            475,
            130,
            518,
            157
        ],
        "text": "(%)"
    },
    {
        "bbox": [
            1666,
            130,
            1742,
            153
        ],
        "text": "101.9"
    },
    {
        "bbox": [
            1962,
            130,
            2038,
            153
        ],
        "text": "107.8"
    },
    {
        "bbox": [
            36,
            183,
            113,
            206
        ],
        "text": "Basic"
    },
    {
        "bbox": [
            124,
            183,
            256,
            213
        ],
        "text": "Earnings"
    },
    {
        "bbox": [
            268,
            184,
            314,
            206
        ],
        "text": "Per"
    },
    {
        "bbox": [
            323,
            182,
            410,
            206
        ],
        "text": "Share"
    },
    {
        "bbox": [
            420,
            183,
            494,
            210
        ],
        "text": "(EPS)"
    },
    {
        "bbox": [
            505,
            182,
            541,
            210
        ],
        "text": "(2)"
    },
    {
        "bbox": [
            1664,
            183,
            1742,
            206
        ],
        "text": "42.40"
    },
    {
        "bbox": [
            1960,
            183,
            2038,
            206
        ],
        "text": "3753"
    },
    {
        "bbox": [
            36,
            236,
            155,
            260
        ],
        "text": "Debtors"
    },
    {
        "bbox": [
            164,
            238,
            298,
            260
        ],
        "text": "Turnover"
    },
    {
        "bbox": [
            307,
            237,
            363,
            264
        ],
        "text": "(no."
    },
    {
        "bbox": [
            373,
            236,
            403,
            260
        ],
        "text": "of"
    },
    {
        "bbox": [
            410,
            236,
            504,
            264
        ],
        "text": "times)"
    },
    {
        "bbox": [
            1683,
            237,
            1742,
            260
        ],
        "text": "24.9"
    },
    {
        "bbox": [
            1979,
            237,
            2033,
            260
        ],
        "text": "28.1"
    },
    {
        "bbox": [
            36,
            291,
            179,
            320
        ],
        "text": "Inventory"
    },
    {
        "bbox": [
            187,
            291,
            321,
            313
        ],
        "text": "Turnover"
    },
    {
        "bbox": [
            330,
            290,
            385,
            317
        ],
        "text": "(no."
    },
    {
        "bbox": [
            395,
            289,
            425,
            313
        ],
        "text": "of"
    },
    {
        "bbox": [
            432,
            290,
            527,
            317
        ],
        "text": "times)"
    },
    {
        "bbox": [
            1685,
            291,
            1742,
            313
        ],
        "text": "14.7"
    },
    {
        "bbox": [
            1981,
            290,
            2038,
            313
        ],
        "text": "13.8"
    },
    {
        "bbox": [
            36,
            344,
            151,
            366
        ],
        "text": "Interest"
    },
    {
        "bbox": [
            161,
            343,
            307,
            373
        ],
        "text": "Coverage"
    },
    {
        "bbox": [
            318,
            343,
            395,
            366
        ],
        "text": "Ratio"
    },
    {
        "bbox": [
            1666,
            343,
            1742,
            366
        ],
        "text": "143.9"
    },
    {
        "bbox": [
            1962,
            343,
            2038,
            366
        ],
        "text": "129.2"
    },
    {
        "bbox": [
            36,
            395,
            108,
            419
        ],
        "text": "Debt"
    },
    {
        "bbox": [
            118,
            396,
            225,
            419
        ],
        "text": "Service"
    },
    {
        "bbox": [
            235,
            396,
            381,
            426
        ],
        "text": "Coverage"
    },
    {
        "bbox": [
            392,
            396,
            469,
            419
        ],
        "text": "Ratio"
    },
    {
        "bbox": [
            1683,
            396,
            1742,
            419
        ],
        "text": "21.8"
    },
    {
        "bbox": [
            1979,
            396,
            2039,
            419
        ],
        "text": "21.4"
    },
    {
        "bbox": [
            35,
            450,
            150,
            473
        ],
        "text": "Current"
    },
    {
        "bbox": [
            160,
            450,
            237,
            473
        ],
        "text": "Ratio"
    },
    {
        "bbox": [
            1703,
            451,
            1743,
            473
        ],
        "text": "1.4"
    },
    {
        "bbox": [
            1999,
            450,
            2038,
            473
        ],
        "text": "1.3"
    },
    {
        "bbox": [
            36,
            502,
            108,
            526
        ],
        "text": "Debt"
    },
    {
        "bbox": [
            119,
            503,
            211,
            533
        ],
        "text": "Equity"
    },
    {
        "bbox": [
            222,
            503,
            299,
            526
        ],
        "text": "Ratio"
    },
    {
        "bbox": [
            1701,
            503,
            1742,
            526
        ],
        "text": "0.0"
    },
    {
        "bbox": [
            1997,
            503,
            2038,
            526
        ],
        "text": "0.0"
    },
    {
        "bbox": [
            35,
            556,
            192,
            586
        ],
        "text": "Operating"
    },
    {
        "bbox": [
            204,
            555,
            282,
            579
        ],
        "text": "Profit"
    },
    {
        "bbox": [
            293,
            556,
            399,
            586
        ],
        "text": "Margin"
    },
    {
        "bbox": [
            410,
            556,
            453,
            583
        ],
        "text": "(%)"
    },
    {
        "bbox": [
            1683,
            556,
            1742,
            579
        ],
        "text": "217"
    },
    {
        "bbox": [
            1979,
            556,
            2038,
            579
        ],
        "text": "22.8"
    },
    {
        "bbox": [
            36,
            610,
            88,
            632
        ],
        "text": "Net"
    },
    {
        "bbox": [
            99,
            608,
            177,
            632
        ],
        "text": "Profit"
    },
    {
        "bbox": [
            187,
            609,
            293,
            639
        ],
        "text": "Margin"
    },
    {
        "bbox": [
            305,
            609,
            347,
            636
        ],
        "text": "(%)"
    },
    {
        "bbox": [
            1685,
            609,
            1737,
            632
        ],
        "text": "A7A"
    },
    {
        "bbox": [
            1981,
            610,
            2038,
            632
        ],
        "text": "175"
    }
]