[
    {
        "bbox": [
            1778,
            0,
            1891,
            18
        ],
        "text": "PUPPVSeS"
    },
    {
        "bbox": [
            1899,
            0,
            1939,
            12
        ],
        "text": "Ur"
    },
    {
        "bbox": [
            1946,
            0,
            2027,
            12
        ],
        "text": "WHIT"
    },
    {
        "bbox": [
            1448,
            25,
            1602,
            46
        ],
        "text": "Particulars"
    },
    {
        "bbox": [
            1610,
            25,
            1639,
            46
        ],
        "text": "of"
    },
    {
        "bbox": [
            1728,
            25,
            1774,
            46
        ],
        "text": "the"
    },
    {
        "bbox": [
            1783,
            25,
            1868,
            50
        ],
        "text": "loans,"
    },
    {
        "bbox": [
            1877,
            27,
            2028,
            52
        ],
        "text": "guarantee"
    },
    {
        "bbox": [
            1196,
            60,
            1341,
            81
        ],
        "text": "Amountin"
    },
    {
        "bbox": [
            1407,
            60,
            1478,
            85
        ],
        "text": "loan,"
    },
    {
        "bbox": [
            1487,
            62,
            1637,
            87
        ],
        "text": "guarantee"
    },
    {
        "bbox": [
            1738,
            60,
            1792,
            81
        ],
        "text": "and"
    },
    {
        "bbox": [
            1801,
            60,
            1974,
            81
        ],
        "text": "investments"
    },
    {
        "bbox": [
            1982,
            66,
            2028,
            81
        ],
        "text": "are"
    },
    {
        "bbox": [
            26,
            96,
            108,
            115
        ],
        "text": "Name"
    },
    {
        "bbox": [
            116,
            94,
            144,
            115
        ],
        "text": "of"
    },
    {
        "bbox": [
            152,
            95,
            233,
            121
        ],
        "text": "Entity"
    },
    {
        "bbox": [
            862,
            94,
            980,
            115
        ],
        "text": "Relation"
    },
    {
        "bbox": [
            1235,
            96,
            1248,
            115
        ],
        "text": "%"
    },
    {
        "bbox": [
            1255,
            100,
            1341,
            115
        ],
        "text": "crores"
    },
    {
        "bbox": [
            1402,
            94,
            1455,
            115
        ],
        "text": "and"
    },
    {
        "bbox": [
            1464,
            95,
            1637,
            115
        ],
        "text": "investments"
    },
    {
        "bbox": [
            1702,
            94,
            1836,
            121
        ],
        "text": "proposed"
    },
    {
        "bbox": [
            1844,
            96,
            1873,
            115
        ],
        "text": "to"
    },
    {
        "bbox": [
            1882,
            94,
            1914,
            115
        ],
        "text": "be"
    },
    {
        "bbox": [
            1923,
            94,
            2027,
            115
        ],
        "text": "utilised"
    },
    {
        "bbox": [
            26,
            146,
            151,
            170
        ],
        "text": "Unilever"
    },
    {
        "bbox": [
            161,
            146,
            237,
            170
        ],
        "text": "India"
    },
    {
        "bbox": [
            247,
            148,
            359,
            177
        ],
        "text": "Exports"
    },
    {
        "bbox": [
            371,
            146,
            481,
            170
        ],
        "text": "Limited"
    },
    {
        "bbox": [
            862,
            142,
            1022,
            181
        ],
        "text": "Subsidiary"
    },
    {
        "bbox": [
            1288,
            147,
            1341,
            170
        ],
        "text": "349"
    },
    {
        "bbox": [
            1563,
            148,
            1636,
            170
        ],
        "text": "Loan"
    },
    {
        "bbox": [
            1761,
            147,
            1891,
            170
        ],
        "text": "Business"
    },
    {
        "bbox": [
            1903,
            153,
            2027,
            177
        ],
        "text": "purpose"
    },
    {
        "bbox": [
            26,
            199,
            151,
            223
        ],
        "text": "Unilever"
    },
    {
        "bbox": [
            161,
            199,
            237,
            223
        ],
        "text": "India"
    },
    {
        "bbox": [
            247,
            199,
            358,
            223
        ],
        "text": "Limited"
    },
    {
        "bbox": [
            862,
            195,
            1022,
            234
        ],
        "text": "Subsidiary"
    },
    {
        "bbox": [
            1291,
            201,
            1342,
            223
        ],
        "text": "144"
    },
    {
        "bbox": [
            1563,
            201,
            1636,
            223
        ],
        "text": "Loan"
    },
    {
        "bbox": [
            1761,
            200,
            1891,
            223
        ],
        "text": "Business"
    },
    {
        "bbox": [
            1903,
            206,
            2028,
            230
        ],
        "text": "purpose"
    },
    {
        "bbox": [
            26,
            253,
            167,
            277
        ],
        "text": "Rudraksh"
    },
    {
        "bbox": [
            179,
            255,
            333,
            284
        ],
        "text": "Detergent"
    },
    {
        "bbox": [
            342,
            253,
            400,
            277
        ],
        "text": "and"
    },
    {
        "bbox": [
            411,
            253,
            570,
            277
        ],
        "text": "Chemicals"
    },
    {
        "bbox": [
            582,
            254,
            684,
            277
        ],
        "text": "Private"
    },
    {
        "bbox": [
            696,
            253,
            806,
            277
        ],
        "text": "Limited"
    },
    {
        "bbox": [
            861,
            267,
            871,
            270
        ],
        "text": "-"
    },
    {
        "bbox": [
            1325,
            254,
            1341,
            277
        ],
        "text": "2"
    },
    {
        "bbox": [
            1563,
            255,
            1636,
            277
        ],
        "text": "Loan"
    },
    {
        "bbox": [
            1761,
            254,
            1891,
            277
        ],
        "text": "Business"
    },
    {
        "bbox": [
            1903,
            260,
            2028,
            284
        ],
        "text": "purpose"
    },
    {
        "bbox": [
            25,
            307,
            111,
            337
        ],
        "text": "Zywie"
    },
    {
        "bbox": [
            120,
            308,
            254,
            330
        ],
        "text": "Ventures"
    },
    {
        "bbox": [
            265,
            307,
            368,
            330
        ],
        "text": "Private"
    },
    {
        "bbox": [
            379,
            306,
            504,
            330
        ],
        "text": "Limited*"
    },
    {
        "bbox": [
            862,
            302,
            1022,
            341
        ],
        "text": "Subsidiary"
    },
    {
        "bbox": [
            1288,
            307,
            1342,
            330
        ],
        "text": "264"
    },
    {
        "bbox": [
            1452,
            308,
            1637,
            330
        ],
        "text": "Investments"
    },
    {
        "bbox": [
            1761,
            307,
            1891,
            330
        ],
        "text": "Business"
    },
    {
        "bbox": [
            1903,
            313,
            2028,
            337
        ],
        "text": "purpose"
    },
    {
        "bbox": [
            26,
            359,
            233,
            383
        ],
        "text": "Nutritionalab"
    },
    {
        "bbox": [
            244,
            360,
            347,
            383
        ],
        "text": "Private"
    },
    {
        "bbox": [
            358,
            359,
            483,
            383
        ],
        "text": "Limited*"
    },
    {
        "bbox": [
            860,
            360,
            933,
            383
        ],
        "text": "Joint"
    },
    {
        "bbox": [
            941,
            361,
            1060,
            383
        ],
        "text": "Venture"
    },
    {
        "bbox": [
            1307,
            360,
            1341,
            383
        ],
        "text": "70"
    },
    {
        "bbox": [
            1452,
            356,
            1637,
            394
        ],
        "text": "Investments"
    },
    {
        "bbox": [
            1761,
            360,
            1891,
            383
        ],
        "text": "Business"
    },
    {
        "bbox": [
            1903,
            366,
            2028,
            390
        ],
        "text": "purpose"
    },
    {
        "bbox": [
            26,
            412,
            134,
            436
        ],
        "text": "Mutual"
    },
    {
        "bbox": [
            145,
            412,
            233,
            436
        ],
        "text": "Funds"
    },
    {
        "bbox": [
            243,
            412,
            301,
            436
        ],
        "text": "and"
    },
    {
        "bbox": [
            311,
            411,
            417,
            436
        ],
        "text": "T-bills*"
    },
    {
        "bbox": [
            861,
            426,
            871,
            429
        ],
        "text": "-"
    },
    {
        "bbox": [
            1278,
            413,
            1352,
            440
        ],
        "text": "(699)"
    },
    {
        "bbox": [
            1452,
            408,
            1637,
            444
        ],
        "text": "Investments"
    },
    {
        "bbox": [
            1732,
            412,
            1807,
            436
        ],
        "text": "Cash"
    },
    {
        "bbox": [
            1820,
            414,
            2028,
            443
        ],
        "text": "Management"
    }
]