[
    {
        "bbox": [
            36,
            29,
            188,
            116
        ],
        "text": "aes"
    },
    {
        "bbox": [
            188,
            26,
            353,
            111
        ],
        "text": "eration"
    },
    {
        "bbox": [
            364,
            77,
            454,
            116
        ],
        "text": "fees)"
    },
    {
        "bbox": [
            718,
            54,
            872,
            82
        ],
        "text": "Amount"
    },
    {
        "bbox": [
            880,
            53,
            1068,
            91
        ],
        "text": "Approved"
    },
    {
        "bbox": [
            1080,
            53,
            1115,
            82
        ],
        "text": "in"
    },
    {
        "bbox": [
            1128,
            53,
            1262,
            91
        ],
        "text": "Budget"
    },
    {
        "bbox": [
            1422,
            53,
            1543,
            82
        ],
        "text": "Actual"
    },
    {
        "bbox": [
            1553,
            54,
            1706,
            82
        ],
        "text": "Amount"
    },
    {
        "bbox": [
            1718,
            53,
            1853,
            82
        ],
        "text": "Earned"
    }
]