[
    {
        "bbox": [
            1075,
            63,
            1081,
            69
        ],
        "text": ":"
    },
    {
        "bbox": [
            1357,
            39,
            1479,
            68
        ],
        "text": "Actual"
    },
    {
        "bbox": [
            1491,
            39,
            1634,
            68
        ],
        "text": "Federal"
    },
    {
        "bbox": [
            1646,
            38,
            1900,
            77
        ],
        "text": "Expenditures"
    },
    {
        "bbox": [
            37,
            64,
            118,
            92
        ],
        "text": "Cost"
    },
    {
        "bbox": [
            129,
            64,
            297,
            101
        ],
        "text": "Category"
    },
    {
        "bbox": [
            711,
            64,
            865,
            92
        ],
        "text": "Amount"
    },
    {
        "bbox": [
            873,
            62,
            1061,
            101
        ],
        "text": "Approved"
    },
    {
        "bbox": [
            1072,
            71,
            1108,
            92
        ],
        "text": "in"
    },
    {
        "bbox": [
            1121,
            62,
            1255,
            101
        ],
        "text": "Budget"
    },
    {
        "bbox": [
            1422,
            88,
            1581,
            126
        ],
        "text": "(Federal"
    },
    {
        "bbox": [
            1593,
            88,
            1707,
            117
        ],
        "text": "Funds"
    },
    {
        "bbox": [
            1719,
            88,
            1837,
            126
        ],
        "text": "ONLY)"
    },
    {
        "bbox": [
            14,
            132,
            258,
            205
        ],
        "text": "[Personnel"
    },
    {
        "bbox": [
            476,
            136,
            660,
            185
        ],
        "text": "|"
    },
    {
        "bbox": [
            37,
            197,
            159,
            235
        ],
        "text": "Fringe"
    },
    {
        "bbox": [
            171,
            197,
            325,
            226
        ],
        "text": "Benefits"
    },
    {
        "bbox": [
            658,
            183,
            700,
            255
        ],
        "text": "Pe"
    },
    {
        "bbox": [
            14,
            234,
            185,
            307
        ],
        "text": "PTraveh"
    },
    {
        "bbox": [
            14,
            285,
            270,
            358
        ],
        "text": "[Equipment"
    },
    {
        "bbox": [
            14,
            387,
            288,
            460
        ],
        "text": "[Contractual"
    },
    {
        "bbox": [
            14,
            438,
            33,
            511
        ],
        "text": "|"
    },
    {
        "bbox": [
            44,
            438,
            154,
            511
        ],
        "text": "Other"
    },
    {
        "bbox": [
            18,
            500,
            1949,
            519
        ],
        "text": "ee"
    },
    {
        "bbox": [
            1620,
            496,
            1953,
            529
        ],
        "text": "ae"
    },
    {
        "bbox": [
            37,
            539,
            155,
            568
        ],
        "text": "Direct"
    },
    {
        "bbox": [
            165,
            540,
            263,
            568
        ],
        "text": "Costs"
    },
    {
        "bbox": [
            275,
            539,
            457,
            568
        ],
        "text": "Sub-Total"
    },
    {
        "bbox": [
            662,
            528,
            1949,
            578
        ],
        "text": "a"
    },
    {
        "bbox": [
            14,
            576,
            197,
            649
        ],
        "text": "[Indirect"
    },
    {
        "bbox": [
            214,
            576,
            313,
            649
        ],
        "text": "Costs"
    },
    {
        "bbox": [
            18,
            638,
            1949,
            658
        ],
        "text": "a"
    },
    {
        "bbox": [
            36,
            677,
            135,
            706
        ],
        "text": "Total"
    },
    {
        "bbox": [
            147,
            677,
            290,
            706
        ],
        "text": "Federal"
    },
    {
        "bbox": [
            303,
            678,
            401,
            706
        ],
        "text": "Costs"
    },
    {
        "bbox": [
            662,
            667,
            1949,
            716
        ],
        "text": "ee"
    }
]