[
    {
        "bbox": [
            1083,
            40,
            1089,
            46
        ],
        "text": ":"
    },
    {
        "bbox": [
            1365,
            15,
            1487,
            45
        ],
        "text": "Actual"
    },
    {
        "bbox": [
            1499,
            16,
            1642,
            45
        ],
        "text": "Federal"
    },
    {
        "bbox": [
            1654,
            16,
            1908,
            54
        ],
        "text": "Expenditures"
    },
    {
        "bbox": [
            45,
            41,
            125,
            69
        ],
        "text": "Cost"
    },
    {
        "bbox": [
            137,
            41,
            305,
            78
        ],
        "text": "Category"
    },
    {
        "bbox": [
            719,
            41,
            873,
            69
        ],
        "text": "Amount"
    },
    {
        "bbox": [
            881,
            40,
            1069,
            78
        ],
        "text": "Approved"
    },
    {
        "bbox": [
            1080,
            48,
            1116,
            69
        ],
        "text": "in"
    },
    {
        "bbox": [
            1129,
            39,
            1263,
            78
        ],
        "text": "Budget"
    },
    {
        "bbox": [
            1430,
            64,
            1589,
            103
        ],
        "text": "(Federal"
    },
    {
        "bbox": [
            1601,
            65,
            1715,
            94
        ],
        "text": "Funds"
    },
    {
        "bbox": [
            1727,
            65,
            1845,
            103
        ],
        "text": "ONLY)"
    },
    {
        "bbox": [
            22,
            109,
            266,
            182
        ],
        "text": "[Personnel"
    },
    {
        "bbox": [
            484,
            113,
            668,
            162
        ],
        "text": "|"
    },
    {
        "bbox": [
            45,
            174,
            167,
            212
        ],
        "text": "Fringe"
    },
    {
        "bbox": [
            179,
            174,
            333,
            203
        ],
        "text": "Benefits"
    },
    {
        "bbox": [
            670,
            164,
            1957,
            213
        ],
        "text": "a"
    },
    {
        "bbox": [
            22,
            211,
            193,
            284
        ],
        "text": "Travel"
    },
    {
        "bbox": [
            22,
            262,
            278,
            335
        ],
        "text": "[Equipment"
    },
    {
        "bbox": [
            22,
            364,
            296,
            437
        ],
        "text": "[Contractual"
    },
    {
        "bbox": [
            26,
            368,
            1957,
            417
        ],
        "text": "|"
    },
    {
        "bbox": [
            22,
            415,
            41,
            488
        ],
        "text": "|"
    },
    {
        "bbox": [
            52,
            415,
            162,
            488
        ],
        "text": "Other"
    },
    {
        "bbox": [
            26,
            477,
            1957,
            496
        ],
        "text": "a"
    },
    {
        "bbox": [
            673,
            473,
            1000,
            507
        ],
        "text": "Se"
    },
    {
        "bbox": [
            45,
            516,
            163,
            545
        ],
        "text": "Direct"
    },
    {
        "bbox": [
            173,
            517,
            271,
            545
        ],
        "text": "Costs"
    },
    {
        "bbox": [
            283,
            516,
            465,
            545
        ],
        "text": "Sub-Total"
    },
    {
        "bbox": [
            670,
            505,
            1957,
            555
        ],
        "text": "a"
    },
    {
        "bbox": [
            22,
            553,
            205,
            626
        ],
        "text": "[Indirect"
    },
    {
        "bbox": [
            222,
            553,
            321,
            626
        ],
        "text": "Costs"
    },
    {
        "bbox": [
            26,
            615,
            1957,
            635
        ],
        "text": "SS"
    },
    {
        "bbox": [
            44,
            654,
            142,
            683
        ],
        "text": "Total"
    },
    {
        "bbox": [
            155,
            654,
            298,
            683
        ],
        "text": "Federal"
    },
    {
        "bbox": [
            311,
            655,
            409,
            683
        ],
        "text": "Costs"
    },
    {
        "bbox": [
            670,
            644,
            1957,
            693
        ],
        "text": "ee"
    }
]