[
    {
        "bbox": [
            0,
            20,
            844,
            54
        ],
        "text": "SE)"
    },
    {
        "bbox": [
            856,
            20,
            1093,
            54
        ],
        "text": "ee,"
    },
    {
        "bbox": [
            1105,
            20,
            1554,
            54
        ],
        "text": "ee:"
    },
    {
        "bbox": [
            1566,
            20,
            1791,
            54
        ],
        "text": "\u00a9."
    },
    {
        "bbox": [
            1803,
            20,
            2015,
            54
        ],
        "text": "Se:"
    },
    {
        "bbox": [
            1116,
            64,
            1230,
            83
        ],
        "text": "Amount"
    },
    {
        "bbox": [
            1237,
            62,
            1399,
            83
        ],
        "text": "transferred"
    },
    {
        "bbox": [
            1407,
            64,
            1436,
            83
        ],
        "text": "to"
    },
    {
        "bbox": [
            1445,
            68,
            1457,
            83
        ],
        "text": "a"
    },
    {
        "bbox": [
            1467,
            62,
            1532,
            83
        ],
        "text": "fund"
    },
    {
        "bbox": [
            1659,
            72,
            1772,
            91
        ],
        "text": "Amount"
    },
    {
        "bbox": [
            463,
            99,
            577,
            135
        ],
        "text": "Amount"
    },
    {
        "bbox": [
            712,
            104,
            825,
            125
        ],
        "text": "Balance"
    },
    {
        "bbox": [
            1147,
            96,
            1274,
            123
        ],
        "text": "specified"
    },
    {
        "bbox": [
            1284,
            96,
            1367,
            117
        ],
        "text": "under"
    },
    {
        "bbox": [
            1374,
            92,
            1502,
            139
        ],
        "text": "Schedule"
    },
    {
        "bbox": [
            1590,
            104,
            1735,
            131
        ],
        "text": "remaining"
    },
    {
        "bbox": [
            1743,
            106,
            1772,
            125
        ],
        "text": "to"
    },
    {
        "bbox": [
            377,
            139,
            539,
            160
        ],
        "text": "transferred"
    },
    {
        "bbox": [
            548,
            141,
            576,
            160
        ],
        "text": "to"
    },
    {
        "bbox": [
            680,
            139,
            824,
            160
        ],
        "text": "Amountin"
    },
    {
        "bbox": [
            1132,
            132,
            1207,
            151
        ],
        "text": "Villas"
    },
    {
        "bbox": [
            1216,
            136,
            1261,
            170
        ],
        "text": "Der"
    },
    {
        "bbox": [
            1268,
            130,
            1367,
            151
        ],
        "text": "second"
    },
    {
        "bbox": [
            1377,
            136,
            1480,
            170
        ],
        "text": "Proviso"
    },
    {
        "bbox": [
            1487,
            132,
            1516,
            151
        ],
        "text": "to"
    },
    {
        "bbox": [
            1620,
            139,
            1653,
            160
        ],
        "text": "be"
    },
    {
        "bbox": [
            1661,
            140,
            1771,
            166
        ],
        "text": "spentin"
    },
    {
        "bbox": [
            400,
            175,
            516,
            200
        ],
        "text": "Unspent"
    },
    {
        "bbox": [
            529,
            174,
            577,
            194
        ],
        "text": "CSR"
    },
    {
        "bbox": [
            649,
            175,
            766,
            200
        ],
        "text": "Unspent"
    },
    {
        "bbox": [
            774,
            174,
            826,
            194
        ],
        "text": "CSR"
    },
    {
        "bbox": [
            961,
            164,
            1074,
            205
        ],
        "text": "Amount"
    },
    {
        "bbox": [
            1180,
            166,
            1283,
            186
        ],
        "text": "Section"
    },
    {
        "bbox": [
            1293,
            166,
            1386,
            190
        ],
        "text": "135(5),"
    },
    {
        "bbox": [
            1395,
            165,
            1413,
            186
        ],
        "text": "if"
    },
    {
        "bbox": [
            1419,
            171,
            1471,
            192
        ],
        "text": "any"
    },
    {
        "bbox": [
            1613,
            173,
            1771,
            200
        ],
        "text": "succeeding"
    },
    {
        "bbox": [
            6,
            208,
            37,
            229
        ],
        "text": "Sl."
    },
    {
        "bbox": [
            89,
            208,
            228,
            235
        ],
        "text": "Preceding"
    },
    {
        "bbox": [
            371,
            208,
            577,
            229
        ],
        "text": "Accountunder"
    },
    {
        "bbox": [
            620,
            210,
            735,
            229
        ],
        "text": "Account"
    },
    {
        "bbox": [
            743,
            208,
            826,
            229
        ],
        "text": "under"
    },
    {
        "bbox": [
            910,
            208,
            1074,
            235
        ],
        "text": "spentinthe"
    },
    {
        "bbox": [
            1434,
            209,
            1500,
            228
        ],
        "text": "Date"
    },
    {
        "bbox": [
            1508,
            207,
            1536,
            228
        ],
        "text": "of"
    },
    {
        "bbox": [
            1643,
            207,
            1773,
            228
        ],
        "text": "Financial"
    },
    {
        "bbox": [
            1856,
            207,
            2008,
            234
        ],
        "text": "Deficiency,"
    },
    {
        "bbox": [
            7,
            244,
            51,
            263
        ],
        "text": "No."
    },
    {
        "bbox": [
            89,
            238,
            215,
            271
        ],
        "text": "Financial"
    },
    {
        "bbox": [
            228,
            238,
            323,
            271
        ],
        "text": "Year(s)"
    },
    {
        "bbox": [
            379,
            242,
            482,
            263
        ],
        "text": "Section"
    },
    {
        "bbox": [
            493,
            243,
            576,
            267
        ],
        "text": "135(6)"
    },
    {
        "bbox": [
            627,
            242,
            731,
            263
        ],
        "text": "Section"
    },
    {
        "bbox": [
            741,
            243,
            824,
            267
        ],
        "text": "135(6)"
    },
    {
        "bbox": [
            875,
            238,
            1003,
            271
        ],
        "text": "Financial"
    },
    {
        "bbox": [
            1016,
            244,
            1075,
            263
        ],
        "text": "Year"
    },
    {
        "bbox": [
            1198,
            244,
            1311,
            263
        ],
        "text": "Amount"
    },
    {
        "bbox": [
            1418,
            242,
            1536,
            263
        ],
        "text": "Transfer"
    },
    {
        "bbox": [
            1695,
            244,
            1772,
            263
        ],
        "text": "Years"
    },
    {
        "bbox": [
            1934,
            242,
            1952,
            263
        ],
        "text": "if"
    },
    {
        "bbox": [
            1958,
            248,
            2009,
            269
        ],
        "text": "any"
    },
    {
        "bbox": [
            8,
            285,
            28,
            322
        ],
        "text": "ile"
    },
    {
        "bbox": [
            90,
            289,
            122,
            311
        ],
        "text": "FY"
    },
    {
        "bbox": [
            131,
            288,
            251,
            311
        ],
        "text": "2021-22"
    },
    {
        "bbox": [
            384,
            288,
            576,
            316
        ],
        "text": "28,14,87,646"
    },
    {
        "bbox": [
            728,
            288,
            825,
            315
        ],
        "text": "10,286"
    },
    {
        "bbox": [
            882,
            288,
            1073,
            316
        ],
        "text": "28,14,77,360"
    },
    {
        "bbox": [
            1309,
            289,
            1352,
            311
        ],
        "text": "nan"
    },
    {
        "bbox": [
            1675,
            288,
            1772,
            315
        ],
        "text": "10,286"
    },
    {
        "bbox": [
            1999,
            301,
            2008,
            304
        ],
        "text": "-"
    },
    {
        "bbox": [
            6,
            335,
            28,
            358
        ],
        "text": "2."
    },
    {
        "bbox": [
            90,
            336,
            122,
            358
        ],
        "text": "FY"
    },
    {
        "bbox": [
            131,
            335,
            247,
            358
        ],
        "text": "2020-21"
    },
    {
        "bbox": [
            566,
            348,
            576,
            351
        ],
        "text": "-"
    },
    {
        "bbox": [
            815,
            348,
            824,
            351
        ],
        "text": "-"
    },
    {
        "bbox": [
            1064,
            348,
            1073,
            351
        ],
        "text": "-"
    },
    {
        "bbox": [
            1325,
            348,
            1334,
            351
        ],
        "text": "-"
    },
    {
        "bbox": [
            1762,
            348,
            1771,
            351
        ],
        "text": "-"
    },
    {
        "bbox": [
            1999,
            348,
            2008,
            351
        ],
        "text": "-"
    },
    {
        "bbox": [
            6,
            384,
            28,
            406
        ],
        "text": "3."
    },
    {
        "bbox": [
            90,
            384,
            122,
            406
        ],
        "text": "FY"
    },
    {
        "bbox": [
            131,
            384,
            252,
            406
        ],
        "text": "2019-20"
    },
    {
        "bbox": [
            566,
            396,
            576,
            399
        ],
        "text": "-"
    },
    {
        "bbox": [
            815,
            396,
            824,
            399
        ],
        "text": "-"
    },
    {
        "bbox": [
            1064,
            396,
            1073,
            399
        ],
        "text": "-"
    },
    {
        "bbox": [
            1325,
            396,
            1334,
            399
        ],
        "text": "-"
    },
    {
        "bbox": [
            1762,
            396,
            1771,
            399
        ],
        "text": "-"
    },
    {
        "bbox": [
            1999,
            396,
            2008,
            399
        ],
        "text": "-"
    }
]