[{"bbox": [19.0, 25.0, 788.0, 60.0], "column_nums": [0], "row_nums": [0], "column header": true, "subcell": false, "projected row header": false, "cell text": "", "spans": []}, {"bbox": [19.0, 82.0, 788.0, 110.0], "column_nums": [0], "row_nums": [1], "column header": false, "subcell": false, "projected row header": false, "cell text": "Home Care", "spans": [{"bbox": [21, 83, 111, 105], "text": "Home", "span_num": 4, "line_num": 0, "block_num": 0}, {"bbox": [121, 82, 191, 105], "text": "Care", "span_num": 5, "line_num": 0, "block_num": 0}]}, {"bbox": [19.0, 134.0, 788.0, 165.0], "column_nums": [0], "row_nums": [2], "column header": false, "subcell": false, "projected row header": false, "cell text": "Beauty & Personal Care", "spans": [{"bbox": [21, 136, 126, 165], "text": "Beauty", "span_num": 10, "line_num": 0, "block_num": 0}, {"bbox": [134, 136, 155, 158], "text": "&", "span_num": 11, "line_num": 0, "block_num": 0}, {"bbox": [165, 134, 297, 158], "text": "Personal", "span_num": 12, "line_num": 0, "block_num": 0}, {"bbox": [306, 136, 377, 158], "text": "Care", "span_num": 13, "line_num": 0, "block_num": 0}]}, {"bbox": [19.0, 188.0, 788.0, 217.0], "column_nums": [0], "row_nums": [3], "column header": false, "subcell": false, "projected row header": false, "cell text": "Foods and Refreshments", "spans": [{"bbox": [21, 188, 111, 212], "text": "Foods", "span_num": 18, "line_num": 0, "block_num": 0}, {"bbox": [121, 188, 179, 212], "text": "and", "span_num": 19, "line_num": 0, "block_num": 0}, {"bbox": [191, 188, 399, 212], "text": "Refreshments", "span_num": 20, "line_num": 0, "block_num": 0}]}, {"bbox": [19.0, 241.0, 788.0, 272.0], "column_nums": [0], "row_nums": [4], "column header": false, "subcell": false, "projected row header": false, "cell text": "Others (including Exports and consignment sales)", "spans": [{"bbox": [20, 241, 122, 265], "text": "Others", "span_num": 25, "line_num": 0, "block_num": 0}, {"bbox": [133, 241, 285, 272], "text": "(including", "span_num": 26, "line_num": 0, "block_num": 0}, {"bbox": [298, 243, 410, 272], "text": "Exports", "span_num": 27, "line_num": 0, "block_num": 0}, {"bbox": [420, 241, 478, 265], "text": "and", "span_num": 28, "line_num": 0, "block_num": 0}, {"bbox": [489, 242, 690, 272], "text": "consignment", "span_num": 29, "line_num": 0, "block_num": 0}, {"bbox": [699, 241, 788, 269], "text": "sales)", "span_num": 30, "line_num": 0, "block_num": 0}]}, {"bbox": [19.0, 294.0, 788.0, 323.0], "column_nums": [0], "row_nums": [5], "column header": false, "subcell": false, "projected row header": false, "cell text": "Total", "spans": [{"bbox": [19, 294, 102, 318], "text": "Total", "span_num": 35, "line_num": 0, "block_num": 0}]}, {"bbox": [1059.0, 25.0, 1161.0, 60.0], "column_nums": [1], "row_nums": [0], "column header": true, "subcell": false, "projected row header": false, "cell text": "Sales", "spans": [{"bbox": [1086, 29, 1160, 50], "text": "Sales", "span_num": 0, "line_num": 0, "block_num": 0}]}, {"bbox": [1059.0, 82.0, 1161.0, 110.0], "column_nums": [1], "row_nums": [1], "column header": false, "subcell": false, "projected row header": false, "cell text": "21,103", "spans": [{"bbox": [1061, 82, 1160, 110], "text": "21,103", "span_num": 6, "line_num": 0, "block_num": 0}]}, {"bbox": [1059.0, 134.0, 1161.0, 165.0], "column_nums": [1], "row_nums": [2], "column header": false, "subcell": false, "projected row header": false, "cell text": "21,498", "spans": [{"bbox": [1061, 135, 1160, 163], "text": "21,498", "span_num": 14, "line_num": 0, "block_num": 0}]}, {"bbox": [1059.0, 188.0, 1161.0, 217.0], "column_nums": [1], "row_nums": [3], "column header": false, "subcell": false, "projected row header": false, "cell text": "14,744", "spans": [{"bbox": [1064, 189, 1161, 217], "text": "14,744", "span_num": 21, "line_num": 0, "block_num": 0}]}, {"bbox": [1059.0, 241.0, 1161.0, 272.0], "column_nums": [1], "row_nums": [4], "column header": false, "subcell": false, "projected row header": false, "cell text": "810", "spans": [{"bbox": [1108, 242, 1160, 265], "text": "810", "span_num": 31, "line_num": 0, "block_num": 0}]}, {"bbox": [1059.0, 294.0, 1161.0, 323.0], "column_nums": [1], "row_nums": [5], "column header": false, "subcell": false, "projected row header": false, "cell text": "58,154", "spans": [{"bbox": [1059, 295, 1161, 323], "text": "58,154", "span_num": 36, "line_num": 0, "block_num": 0}]}, {"bbox": [1335.0, 25.0, 1444.0, 60.0], "column_nums": [2], "row_nums": [0], "column header": true, "subcell": false, "projected row header": false, "cell text": "Others*", "spans": [{"bbox": [1335, 25, 1443, 60], "text": "Others*", "span_num": 1, "line_num": 0, "block_num": 0}]}, {"bbox": [1335.0, 82.0, 1444.0, 110.0], "column_nums": [2], "row_nums": [1], "column header": false, "subcell": false, "projected row header": false, "cell text": "127", "spans": [{"bbox": [1394, 82, 1444, 105], "text": "127", "span_num": 7, "line_num": 0, "block_num": 0}]}, {"bbox": [1335.0, 134.0, 1444.0, 165.0], "column_nums": [2], "row_nums": [2], "column header": false, "subcell": false, "projected row header": false, "cell text": "333", "spans": [{"bbox": [1391, 135, 1443, 158], "text": "333", "span_num": 15, "line_num": 0, "block_num": 0}]}, {"bbox": [1335.0, 188.0, 1444.0, 217.0], "column_nums": [2], "row_nums": [3], "column header": false, "subcell": false, "projected row header": false, "cell text": "132", "spans": [{"bbox": [1393, 189, 1444, 212], "text": "132", "span_num": 22, "line_num": 0, "block_num": 0}]}, {"bbox": [1335.0, 241.0, 1444.0, 272.0], "column_nums": [2], "row_nums": [4], "column header": false, "subcell": false, "projected row header": false, "cell text": "397", "spans": [{"bbox": [1392, 242, 1444, 265], "text": "397", "span_num": 32, "line_num": 0, "block_num": 0}]}, {"bbox": [1335.0, 294.0, 1444.0, 323.0], "column_nums": [2], "row_nums": [5], "column header": false, "subcell": false, "projected row header": false, "cell text": "990", "spans": [{"bbox": [1389, 295, 1444, 318], "text": "990", "span_num": 37, "line_num": 0, "block_num": 0}]}, {"bbox": [1638.0, 25.0, 1740.0, 60.0], "column_nums": [3], "row_nums": [0], "column header": true, "subcell": false, "projected row header": false, "cell text": "Sales", "spans": [{"bbox": [1665, 29, 1739, 50], "text": "Sales", "span_num": 2, "line_num": 0, "block_num": 0}]}, {"bbox": [1638.0, 82.0, 1740.0, 110.0], "column_nums": [3], "row_nums": [1], "column header": false, "subcell": false, "projected row header": false, "cell text": "16,470", "spans": [{"bbox": [1643, 83, 1740, 110], "text": "16,470", "span_num": 8, "line_num": 0, "block_num": 0}]}, {"bbox": [1638.0, 134.0, 1740.0, 165.0], "column_nums": [3], "row_nums": [2], "column header": false, "subcell": false, "projected row header": false, "cell text": "19,157", "spans": [{"bbox": [1643, 136, 1740, 162], "text": "19,157", "span_num": 16, "line_num": 0, "block_num": 0}]}, {"bbox": [1638.0, 188.0, 1740.0, 217.0], "column_nums": [3], "row_nums": [3], "column header": false, "subcell": false, "projected row header": false, "cell text": "14,020", "spans": [{"bbox": [1643, 189, 1740, 217], "text": "14,020", "span_num": 23, "line_num": 0, "block_num": 0}]}, {"bbox": [1638.0, 241.0, 1740.0, 272.0], "column_nums": [3], "row_nums": [4], "column header": false, "subcell": false, "projected row header": false, "cell text": "689", "spans": [{"bbox": [1687, 243, 1740, 265], "text": "689", "span_num": 33, "line_num": 0, "block_num": 0}]}, {"bbox": [1638.0, 294.0, 1740.0, 323.0], "column_nums": [3], "row_nums": [5], "column header": false, "subcell": false, "projected row header": false, "cell text": "50,336", "spans": [{"bbox": [1638, 295, 1740, 323], "text": "50,336", "span_num": 38, "line_num": 0, "block_num": 0}]}, {"bbox": [1914.0, 25.0, 2023.0, 60.0], "column_nums": [4], "row_nums": [0], "column header": true, "subcell": false, "projected row header": false, "cell text": "Others*", "spans": [{"bbox": [1914, 29, 2023, 50], "text": "Others*", "span_num": 3, "line_num": 0, "block_num": 0}]}, {"bbox": [1914.0, 82.0, 2023.0, 110.0], "column_nums": [4], "row_nums": [1], "column header": false, "subcell": false, "projected row header": false, "cell text": "108", "spans": [{"bbox": [1973, 82, 2023, 105], "text": "108", "span_num": 9, "line_num": 0, "block_num": 0}]}, {"bbox": [1914.0, 134.0, 2023.0, 165.0], "column_nums": [4], "row_nums": [2], "column header": false, "subcell": false, "projected row header": false, "cell text": "303", "spans": [{"bbox": [1971, 135, 2023, 158], "text": "303", "span_num": 17, "line_num": 0, "block_num": 0}]}, {"bbox": [1914.0, 188.0, 2023.0, 217.0], "column_nums": [4], "row_nums": [3], "column header": false, "subcell": false, "projected row header": false, "cell text": "85", "spans": [{"bbox": [1989, 189, 2023, 212], "text": "85", "span_num": 24, "line_num": 0, "block_num": 0}]}, {"bbox": [1914.0, 241.0, 2023.0, 272.0], "column_nums": [4], "row_nums": [4], "column header": false, "subcell": false, "projected row header": false, "cell text": "361", "spans": [{"bbox": [1971, 242, 2018, 265], "text": "361", "span_num": 34, "line_num": 0, "block_num": 0}]}, {"bbox": [1914.0, 294.0, 2023.0, 323.0], "column_nums": [4], "row_nums": [5], "column header": false, "subcell": false, "projected row header": false, "cell text": "857", "spans": [{"bbox": [1969, 296, 2023, 318], "text": "857", "span_num": 39, "line_num": 0, "block_num": 0}]}]