[{"bbox": [28.0, 39.0, 625.0, 98.0], "column_nums": [0], "row_nums": [0], "column header": true, "subcell": false, "projected row header": false, "cell text": "", "spans": []}, {"bbox": [28.0, 126.0, 625.0, 154.0], "column_nums": [0], "row_nums": [1], "column header": false, "subcell": false, "projected row header": false, "cell text": "Turnover", "spans": [{"bbox": [28, 127, 162, 149], "text": "Turnover", "span_num": 14, "line_num": 0, "block_num": 0}]}, {"bbox": [28.0, 179.0, 625.0, 207.0], "column_nums": [0], "row_nums": [2], "column header": false, "subcell": false, "projected row header": false, "cell text": "EBITDA", "spans": [{"bbox": [30, 180, 135, 202], "text": "EBITDA", "span_num": 17, "line_num": 0, "block_num": 0}]}, {"bbox": [28.0, 232.0, 625.0, 263.0], "column_nums": [0], "row_nums": [3], "column header": false, "subcell": false, "projected row header": false, "cell text": "Profit before exceptional items and tax", "spans": [{"bbox": [30, 232, 109, 256], "text": "Profit", "span_num": 20, "line_num": 0, "block_num": 0}, {"bbox": [119, 232, 217, 256], "text": "before", "span_num": 21, "line_num": 0, "block_num": 0}, {"bbox": [226, 232, 407, 263], "text": "exceptional", "span_num": 22, "line_num": 0, "block_num": 0}, {"bbox": [416, 233, 498, 256], "text": "items", "span_num": 23, "line_num": 0, "block_num": 0}, {"bbox": [508, 232, 566, 256], "text": "and", "span_num": 24, "line_num": 0, "block_num": 0}, {"bbox": [576, 235, 625, 256], "text": "tax", "span_num": 25, "line_num": 0, "block_num": 0}]}, {"bbox": [28.0, 285.0, 625.0, 316.0], "column_nums": [0], "row_nums": [4], "column header": false, "subcell": false, "projected row header": false, "cell text": "Profit for the year", "spans": [{"bbox": [30, 285, 109, 309], "text": "Profit", "span_num": 28, "line_num": 0, "block_num": 0}, {"bbox": [117, 285, 159, 309], "text": "for", "span_num": 29, "line_num": 0, "block_num": 0}, {"bbox": [167, 285, 216, 309], "text": "the", "span_num": 30, "line_num": 0, "block_num": 0}, {"bbox": [225, 292, 292, 316], "text": "year", "span_num": 31, "line_num": 0, "block_num": 0}]}, {"bbox": [1475.0, 39.0, 1736.0, 98.0], "column_nums": [1], "row_nums": [0], "column header": true, "subcell": false, "projected row header": false, "cell text": "Forthe yearended 31st March, 2023", "spans": [{"bbox": [1475, 39, 1570, 60], "text": "Forthe", "span_num": 3, "line_num": 0, "block_num": 0}, {"bbox": [1577, 39, 1735, 66], "text": "yearended", "span_num": 4, "line_num": 0, "block_num": 0}, {"bbox": [1502, 74, 1558, 94], "text": "31st", "span_num": 8, "line_num": 0, "block_num": 0}, {"bbox": [1567, 73, 1662, 98], "text": "March,", "span_num": 9, "line_num": 0, "block_num": 0}, {"bbox": [1671, 74, 1735, 94], "text": "2023", "span_num": 10, "line_num": 0, "block_num": 0}]}, {"bbox": [1475.0, 126.0, 1736.0, 154.0], "column_nums": [1], "row_nums": [1], "column header": false, "subcell": false, "projected row header": false, "cell text": "58,154", "spans": [{"bbox": [1637, 126, 1736, 154], "text": "58,154", "span_num": 15, "line_num": 0, "block_num": 0}]}, {"bbox": [1475.0, 179.0, 1736.0, 207.0], "column_nums": [1], "row_nums": [2], "column header": false, "subcell": false, "projected row header": false, "cell text": "13,632", "spans": [{"bbox": [1639, 179, 1735, 207], "text": "13,632", "span_num": 18, "line_num": 0, "block_num": 0}]}, {"bbox": [1475.0, 232.0, 1736.0, 263.0], "column_nums": [1], "row_nums": [3], "column header": false, "subcell": false, "projected row header": false, "cell text": "13,141", "spans": [{"bbox": [1639, 233, 1731, 261], "text": "13,141", "span_num": 26, "line_num": 0, "block_num": 0}]}, {"bbox": [1475.0, 285.0, 1736.0, 316.0], "column_nums": [1], "row_nums": [4], "column header": false, "subcell": false, "projected row header": false, "cell text": "9,962", "spans": [{"bbox": [1655, 286, 1735, 314], "text": "9,962", "span_num": 32, "line_num": 0, "block_num": 0}]}, {"bbox": [1771.0, 39.0, 2032.0, 98.0], "column_nums": [2], "row_nums": [0], "column header": true, "subcell": false, "projected row header": false, "cell text": "Forthe year ended 31st March, 2022", "spans": [{"bbox": [1771, 39, 1866, 60], "text": "Forthe", "span_num": 5, "line_num": 0, "block_num": 0}, {"bbox": [1873, 45, 1936, 66], "text": "year", "span_num": 6, "line_num": 0, "block_num": 0}, {"bbox": [1943, 39, 2031, 60], "text": "ended", "span_num": 7, "line_num": 0, "block_num": 0}, {"bbox": [1798, 74, 1854, 94], "text": "31st", "span_num": 11, "line_num": 0, "block_num": 0}, {"bbox": [1863, 73, 1958, 98], "text": "March,", "span_num": 12, "line_num": 0, "block_num": 0}, {"bbox": [1966, 74, 2032, 94], "text": "2022", "span_num": 13, "line_num": 0, "block_num": 0}]}, {"bbox": [1771.0, 126.0, 2032.0, 154.0], "column_nums": [2], "row_nums": [1], "column header": false, "subcell": false, "projected row header": false, "cell text": "50,336", "spans": [{"bbox": [1933, 127, 2032, 153], "text": "50,336", "span_num": 16, "line_num": 0, "block_num": 0}]}, {"bbox": [1771.0, 179.0, 2032.0, 207.0], "column_nums": [2], "row_nums": [2], "column header": false, "subcell": false, "projected row header": false, "cell text": "12,503", "spans": [{"bbox": [1935, 179, 2031, 206], "text": "12,503", "span_num": 19, "line_num": 0, "block_num": 0}]}, {"bbox": [1771.0, 232.0, 2032.0, 263.0], "column_nums": [2], "row_nums": [3], "column header": false, "subcell": false, "projected row header": false, "cell text": "11,773", "spans": [{"bbox": [1935, 233, 2031, 260], "text": "11,773", "span_num": 27, "line_num": 0, "block_num": 0}]}, {"bbox": [1771.0, 285.0, 2032.0, 316.0], "column_nums": [2], "row_nums": [4], "column header": false, "subcell": false, "projected row header": false, "cell text": "8,818", "spans": [{"bbox": [1951, 286, 2031, 314], "text": "8,818", "span_num": 33, "line_num": 0, "block_num": 0}]}]