[{"bbox": [35.0, 25.0, 541.0, 45.0], "column_nums": [0], "row_nums": [0], "column header": true, "subcell": false, "projected row header": false, "cell text": "", "spans": []}, {"bbox": [35.0, 72.0, 541.0, 108.0], "column_nums": [0], "row_nums": [1], "column header": false, "subcell": false, "projected row header": false, "cell text": "Return on Net Worth (%)", "spans": [{"bbox": [36, 78, 133, 100], "text": "Return", "span_num": 2, "line_num": 0, "block_num": 0}, {"bbox": [144, 83, 181, 100], "text": "on", "span_num": 3, "line_num": 0, "block_num": 0}, {"bbox": [193, 78, 245, 100], "text": "Net", "span_num": 4, "line_num": 0, "block_num": 0}, {"bbox": [253, 76, 345, 100], "text": "Worth", "span_num": 5, "line_num": 0, "block_num": 0}, {"bbox": [357, 77, 399, 104], "text": "(%)", "span_num": 6, "line_num": 0, "block_num": 0}]}, {"bbox": [35.0, 129.0, 541.0, 160.0], "column_nums": [0], "row_nums": [2], "column header": false, "subcell": false, "projected row header": false, "cell text": "Return on Capital Employed (%)", "spans": [{"bbox": [36, 131, 133, 153], "text": "Return", "span_num": 9, "line_num": 0, "block_num": 0}, {"bbox": [144, 136, 181, 153], "text": "on", "span_num": 10, "line_num": 0, "block_num": 0}, {"bbox": [192, 129, 304, 160], "text": "Capital", "span_num": 11, "line_num": 0, "block_num": 0}, {"bbox": [314, 129, 464, 160], "text": "Employed", "span_num": 12, "line_num": 0, "block_num": 0}, {"bbox": [475, 130, 518, 157], "text": "(%)", "span_num": 13, "line_num": 0, "block_num": 0}]}, {"bbox": [35.0, 182.0, 541.0, 213.0], "column_nums": [0], "row_nums": [3], "column header": false, "subcell": false, "projected row header": false, "cell text": "Basic Earnings Per Share (EPS) (2)", "spans": [{"bbox": [36, 183, 113, 206], "text": "Basic", "span_num": 16, "line_num": 0, "block_num": 0}, {"bbox": [124, 183, 256, 213], "text": "Earnings", "span_num": 17, "line_num": 0, "block_num": 0}, {"bbox": [268, 184, 314, 206], "text": "Per", "span_num": 18, "line_num": 0, "block_num": 0}, {"bbox": [323, 182, 410, 206], "text": "Share", "span_num": 19, "line_num": 0, "block_num": 0}, {"bbox": [420, 183, 494, 210], "text": "(EPS)", "span_num": 20, "line_num": 0, "block_num": 0}, {"bbox": [505, 182, 541, 210], "text": "(2)", "span_num": 21, "line_num": 0, "block_num": 0}]}, {"bbox": [35.0, 236.0, 541.0, 264.0], "column_nums": [0], "row_nums": [4], "column header": false, "subcell": false, "projected row header": false, "cell text": "Debtors Turnover (no. of times)", "spans": [{"bbox": [36, 236, 155, 260], "text": "Debtors", "span_num": 24, "line_num": 0, "block_num": 0}, {"bbox": [164, 238, 298, 260], "text": "Turnover", "span_num": 25, "line_num": 0, "block_num": 0}, {"bbox": [307, 237, 363, 264], "text": "(no.", "span_num": 26, "line_num": 0, "block_num": 0}, {"bbox": [373, 236, 403, 260], "text": "of", "span_num": 27, "line_num": 0, "block_num": 0}, {"bbox": [410, 236, 504, 264], "text": "times)", "span_num": 28, "line_num": 0, "block_num": 0}]}, {"bbox": [35.0, 289.0, 541.0, 320.0], "column_nums": [0], "row_nums": [5], "column header": false, "subcell": false, "projected row header": false, "cell text": "Inventory Turnover (no. of times)", "spans": [{"bbox": [36, 291, 179, 320], "text": "Inventory", "span_num": 31, "line_num": 0, "block_num": 0}, {"bbox": [187, 291, 321, 313], "text": "Turnover", "span_num": 32, "line_num": 0, "block_num": 0}, {"bbox": [330, 290, 385, 317], "text": "(no.", "span_num": 33, "line_num": 0, "block_num": 0}, {"bbox": [395, 289, 425, 313], "text": "of", "span_num": 34, "line_num": 0, "block_num": 0}, {"bbox": [432, 290, 527, 317], "text": "times)", "span_num": 35, "line_num": 0, "block_num": 0}]}, {"bbox": [35.0, 343.0, 541.0, 373.0], "column_nums": [0], "row_nums": [6], "column header": false, "subcell": false, "projected row header": false, "cell text": "Interest Coverage Ratio", "spans": [{"bbox": [36, 344, 151, 366], "text": "Interest", "span_num": 38, "line_num": 0, "block_num": 0}, {"bbox": [161, 343, 307, 373], "text": "Coverage", "span_num": 39, "line_num": 0, "block_num": 0}, {"bbox": [318, 343, 395, 366], "text": "Ratio", "span_num": 40, "line_num": 0, "block_num": 0}]}, {"bbox": [35.0, 395.0, 541.0, 426.0], "column_nums": [0], "row_nums": [7], "column header": false, "subcell": false, "projected row header": false, "cell text": "Debt Service Coverage Ratio", "spans": [{"bbox": [36, 395, 108, 419], "text": "Debt", "span_num": 43, "line_num": 0, "block_num": 0}, {"bbox": [118, 396, 225, 419], "text": "Service", "span_num": 44, "line_num": 0, "block_num": 0}, {"bbox": [235, 396, 381, 426], "text": "Coverage", "span_num": 45, "line_num": 0, "block_num": 0}, {"bbox": [392, 396, 469, 419], "text": "Ratio", "span_num": 46, "line_num": 0, "block_num": 0}]}, {"bbox": [35.0, 450.0, 541.0, 473.0], "column_nums": [0], "row_nums": [8], "column header": false, "subcell": false, "projected row header": false, "cell text": "Current Ratio", "spans": [{"bbox": [35, 450, 150, 473], "text": "Current", "span_num": 49, "line_num": 0, "block_num": 0}, {"bbox": [160, 450, 237, 473], "text": "Ratio", "span_num": 50, "line_num": 0, "block_num": 0}]}, {"bbox": [35.0, 502.0, 541.0, 533.0], "column_nums": [0], "row_nums": [9], "column header": false, "subcell": false, "projected row header": false, "cell text": "Debt Equity Ratio", "spans": [{"bbox": [36, 502, 108, 526], "text": "Debt", "span_num": 53, "line_num": 0, "block_num": 0}, {"bbox": [119, 503, 211, 533], "text": "Equity", "span_num": 54, "line_num": 0, "block_num": 0}, {"bbox": [222, 503, 299, 526], "text": "Ratio", "span_num": 55, "line_num": 0, "block_num": 0}]}, {"bbox": [35.0, 555.0, 541.0, 586.0], "column_nums": [0], "row_nums": [10], "column header": false, "subcell": false, "projected row header": false, "cell text": "Operating Profit Margin (%)", "spans": [{"bbox": [35, 556, 192, 586], "text": "Operating", "span_num": 58, "line_num": 0, "block_num": 0}, {"bbox": [204, 555, 282, 579], "text": "Profit", "span_num": 59, "line_num": 0, "block_num": 0}, {"bbox": [293, 556, 399, 586], "text": "Margin", "span_num": 60, "line_num": 0, "block_num": 0}, {"bbox": [410, 556, 453, 583], "text": "(%)", "span_num": 61, "line_num": 0, "block_num": 0}]}, {"bbox": [35.0, 608.0, 541.0, 639.0], "column_nums": [0], "row_nums": [11], "column header": false, "subcell": false, "projected row header": false, "cell text": "Net Profit Margin (%)", "spans": [{"bbox": [36, 610, 88, 632], "text": "Net", "span_num": 64, "line_num": 0, "block_num": 0}, {"bbox": [99, 608, 177, 632], "text": "Profit", "span_num": 65, "line_num": 0, "block_num": 0}, {"bbox": [187, 609, 293, 639], "text": "Margin", "span_num": 66, "line_num": 0, "block_num": 0}, {"bbox": [305, 609, 347, 636], "text": "(%)", "span_num": 67, "line_num": 0, "block_num": 0}]}, {"bbox": [1632.0, 25.0, 1743.0, 45.0], "column_nums": [1], "row_nums": [0], "column header": true, "subcell": false, "projected row header": false, "cell text": "2022-23", "spans": [{"bbox": [1632, 25, 1741, 45], "text": "2022-23", "span_num": 0, "line_num": 0, "block_num": 0}]}, {"bbox": [1632.0, 72.0, 1743.0, 108.0], "column_nums": [1], "row_nums": [1], "column header": false, "subcell": false, "projected row header": false, "cell text": "20.1", "spans": [{"bbox": [1683, 72, 1737, 108], "text": "20.1", "span_num": 7, "line_num": 0, "block_num": 0}]}, {"bbox": [1632.0, 129.0, 1743.0, 160.0], "column_nums": [1], "row_nums": [2], "column header": false, "subcell": false, "projected row header": false, "cell text": "101.9", "spans": [{"bbox": [1666, 130, 1742, 153], "text": "101.9", "span_num": 14, "line_num": 0, "block_num": 0}]}, {"bbox": [1632.0, 182.0, 1743.0, 213.0], "column_nums": [1], "row_nums": [3], "column header": false, "subcell": false, "projected row header": false, "cell text": "42.40", "spans": [{"bbox": [1664, 183, 1742, 206], "text": "42.40", "span_num": 22, "line_num": 0, "block_num": 0}]}, {"bbox": [1632.0, 236.0, 1743.0, 264.0], "column_nums": [1], "row_nums": [4], "column header": false, "subcell": false, "projected row header": false, "cell text": "24.9", "spans": [{"bbox": [1683, 237, 1742, 260], "text": "24.9", "span_num": 29, "line_num": 0, "block_num": 0}]}, {"bbox": [1632.0, 289.0, 1743.0, 320.0], "column_nums": [1], "row_nums": [5], "column header": false, "subcell": false, "projected row header": false, "cell text": "14.7", "spans": [{"bbox": [1685, 291, 1742, 313], "text": "14.7", "span_num": 36, "line_num": 0, "block_num": 0}]}, {"bbox": [1632.0, 343.0, 1743.0, 373.0], "column_nums": [1], "row_nums": [6], "column header": false, "subcell": false, "projected row header": false, "cell text": "143.9", "spans": [{"bbox": [1666, 343, 1742, 366], "text": "143.9", "span_num": 41, "line_num": 0, "block_num": 0}]}, {"bbox": [1632.0, 395.0, 1743.0, 426.0], "column_nums": [1], "row_nums": [7], "column header": false, "subcell": false, "projected row header": false, "cell text": "21.8", "spans": [{"bbox": [1683, 396, 1742, 419], "text": "21.8", "span_num": 47, "line_num": 0, "block_num": 0}]}, {"bbox": [1632.0, 450.0, 1743.0, 473.0], "column_nums": [1], "row_nums": [8], "column header": false, "subcell": false, "projected row header": false, "cell text": "1.4", "spans": [{"bbox": [1703, 451, 1743, 473], "text": "1.4", "span_num": 51, "line_num": 0, "block_num": 0}]}, {"bbox": [1632.0, 502.0, 1743.0, 533.0], "column_nums": [1], "row_nums": [9], "column header": false, "subcell": false, "projected row header": false, "cell text": "0.0", "spans": [{"bbox": [1701, 503, 1742, 526], "text": "0.0", "span_num": 56, "line_num": 0, "block_num": 0}]}, {"bbox": [1632.0, 555.0, 1743.0, 586.0], "column_nums": [1], "row_nums": [10], "column header": false, "subcell": false, "projected row header": false, "cell text": "217", "spans": [{"bbox": [1683, 556, 1742, 579], "text": "217", "span_num": 62, "line_num": 0, "block_num": 0}]}, {"bbox": [1632.0, 608.0, 1743.0, 639.0], "column_nums": [1], "row_nums": [11], "column header": false, "subcell": false, "projected row header": false, "cell text": "A7A", "spans": [{"bbox": [1685, 609, 1737, 632], "text": "A7A", "span_num": 68, "line_num": 0, "block_num": 0}]}, {"bbox": [1930.0, 25.0, 2039.0, 45.0], "column_nums": [2], "row_nums": [0], "column header": true, "subcell": false, "projected row header": false, "cell text": "2021-22", "spans": [{"bbox": [1930, 25, 2038, 45], "text": "2021-22", "span_num": 1, "line_num": 0, "block_num": 0}]}, {"bbox": [1930.0, 72.0, 2039.0, 108.0], "column_nums": [2], "row_nums": [1], "column header": false, "subcell": false, "projected row header": false, "cell text": "18.6", "spans": [{"bbox": [1981, 77, 2038, 100], "text": "18.6", "span_num": 8, "line_num": 0, "block_num": 0}]}, {"bbox": [1930.0, 129.0, 2039.0, 160.0], "column_nums": [2], "row_nums": [2], "column header": false, "subcell": false, "projected row header": false, "cell text": "107.8", "spans": [{"bbox": [1962, 130, 2038, 153], "text": "107.8", "span_num": 15, "line_num": 0, "block_num": 0}]}, {"bbox": [1930.0, 182.0, 2039.0, 213.0], "column_nums": [2], "row_nums": [3], "column header": false, "subcell": false, "projected row header": false, "cell text": "3753", "spans": [{"bbox": [1960, 183, 2038, 206], "text": "3753", "span_num": 23, "line_num": 0, "block_num": 0}]}, {"bbox": [1930.0, 236.0, 2039.0, 264.0], "column_nums": [2], "row_nums": [4], "column header": false, "subcell": false, "projected row header": false, "cell text": "28.1", "spans": [{"bbox": [1979, 237, 2033, 260], "text": "28.1", "span_num": 30, "line_num": 0, "block_num": 0}]}, {"bbox": [1930.0, 289.0, 2039.0, 320.0], "column_nums": [2], "row_nums": [5], "column header": false, "subcell": false, "projected row header": false, "cell text": "13.8", "spans": [{"bbox": [1981, 290, 2038, 313], "text": "13.8", "span_num": 37, "line_num": 0, "block_num": 0}]}, {"bbox": [1930.0, 343.0, 2039.0, 373.0], "column_nums": [2], "row_nums": [6], "column header": false, "subcell": false, "projected row header": false, "cell text": "129.2", "spans": [{"bbox": [1962, 343, 2038, 366], "text": "129.2", "span_num": 42, "line_num": 0, "block_num": 0}]}, {"bbox": [1930.0, 395.0, 2039.0, 426.0], "column_nums": [2], "row_nums": [7], "column header": false, "subcell": false, "projected row header": false, "cell text": "21.4", "spans": [{"bbox": [1979, 396, 2039, 419], "text": "21.4", "span_num": 48, "line_num": 0, "block_num": 0}]}, {"bbox": [1930.0, 450.0, 2039.0, 473.0], "column_nums": [2], "row_nums": [8], "column header": false, "subcell": false, "projected row header": false, "cell text": "1.3", "spans": [{"bbox": [1999, 450, 2038, 473], "text": "1.3", "span_num": 52, "line_num": 0, "block_num": 0}]}, {"bbox": [1930.0, 502.0, 2039.0, 533.0], "column_nums": [2], "row_nums": [9], "column header": false, "subcell": false, "projected row header": false, "cell text": "0.0", "spans": [{"bbox": [1997, 503, 2038, 526], "text": "0.0", "span_num": 57, "line_num": 0, "block_num": 0}]}, {"bbox": [1930.0, 555.0, 2039.0, 586.0], "column_nums": [2], "row_nums": [10], "column header": false, "subcell": false, "projected row header": false, "cell text": "22.8", "spans": [{"bbox": [1979, 556, 2038, 579], "text": "22.8", "span_num": 63, "line_num": 0, "block_num": 0}]}, {"bbox": [1930.0, 608.0, 2039.0, 639.0], "column_nums": [2], "row_nums": [11], "column header": false, "subcell": false, "projected row header": false, "cell text": "175", "spans": [{"bbox": [1981, 610, 2038, 632], "text": "175", "span_num": 69, "line_num": 0, "block_num": 0}]}]