[{"bbox": [35.0, 13.0, 810.0, 113.0], "column_nums": [0], "row_nums": [0], "column header": true, "subcell": false, "projected row header": false, "cell text": "", "spans": []}, {"bbox": [35.0, 141.0, 810.0, 169.0], "column_nums": [0], "row_nums": [1], "column header": false, "subcell": false, "projected row header": false, "cell text": "Turnover", "spans": [{"bbox": [40, 142, 183, 164], "text": "Turnover", "span_num": 13, "line_num": 0, "block_num": 0}]}, {"bbox": [35.0, 193.0, 810.0, 224.0], "column_nums": [0], "row_nums": [2], "column header": false, "subcell": false, "projected row header": false, "cell text": "Other operational income", "spans": [{"bbox": [41, 193, 129, 217], "text": "Other", "span_num": 16, "line_num": 0, "block_num": 0}, {"bbox": [138, 193, 321, 224], "text": "operational", "span_num": 17, "line_num": 0, "block_num": 0}, {"bbox": [330, 194, 441, 217], "text": "income", "span_num": 18, "line_num": 0, "block_num": 0}]}, {"bbox": [35.0, 247.0, 810.0, 278.0], "column_nums": [0], "row_nums": [3], "column header": false, "subcell": false, "projected row header": false, "cell text": "Total Revenue from operations", "spans": [{"bbox": [40, 247, 123, 271], "text": "Total", "span_num": 21, "line_num": 0, "block_num": 0}, {"bbox": [132, 249, 268, 271], "text": "Revenue", "span_num": 22, "line_num": 0, "block_num": 0}, {"bbox": [276, 247, 352, 271], "text": "from", "span_num": 23, "line_num": 0, "block_num": 0}, {"bbox": [362, 247, 541, 278], "text": "operations", "span_num": 24, "line_num": 0, "block_num": 0}]}, {"bbox": [35.0, 301.0, 810.0, 331.0], "column_nums": [0], "row_nums": [4], "column header": false, "subcell": false, "projected row header": false, "cell text": "Operating Costs", "spans": [{"bbox": [41, 301, 198, 331], "text": "Operating", "span_num": 27, "line_num": 0, "block_num": 0}, {"bbox": [209, 301, 290, 324], "text": "Costs", "span_num": 28, "line_num": 0, "block_num": 0}]}, {"bbox": [35.0, 353.0, 810.0, 384.0], "column_nums": [0], "row_nums": [5], "column header": false, "subcell": false, "projected row header": false, "cell text": "Profit Before Depreciation, Interest, Tax (PBDIT)", "spans": [{"bbox": [42, 353, 130, 377], "text": "Profit", "span_num": 31, "line_num": 0, "block_num": 0}, {"bbox": [139, 353, 243, 377], "text": "Before", "span_num": 32, "line_num": 0, "block_num": 0}, {"bbox": [254, 353, 474, 384], "text": "Depreciation,", "span_num": 33, "line_num": 0, "block_num": 0}, {"bbox": [485, 355, 619, 381], "text": "Interest,", "span_num": 34, "line_num": 0, "block_num": 0}, {"bbox": [629, 355, 685, 377], "text": "Tax", "span_num": 35, "line_num": 0, "block_num": 0}, {"bbox": [695, 354, 810, 381], "text": "(PBDIT)", "span_num": 36, "line_num": 0, "block_num": 0}]}, {"bbox": [35.0, 403.0, 810.0, 441.0], "column_nums": [0], "row_nums": [6], "column header": false, "subcell": false, "projected row header": false, "cell text": "Depreciation", "spans": [{"bbox": [42, 403, 239, 441], "text": "Depreciation", "span_num": 39, "line_num": 0, "block_num": 0}]}, {"bbox": [35.0, 460.0, 810.0, 489.0], "column_nums": [0], "row_nums": [7], "column header": false, "subcell": false, "projected row header": false, "cell text": "Profit Before Interest & Tax (PBIT)", "spans": [{"bbox": [42, 460, 129, 484], "text": "Profit", "span_num": 42, "line_num": 0, "block_num": 0}, {"bbox": [139, 460, 243, 484], "text": "Before", "span_num": 43, "line_num": 0, "block_num": 0}, {"bbox": [254, 462, 379, 484], "text": "Interest", "span_num": 44, "line_num": 0, "block_num": 0}, {"bbox": [387, 462, 409, 484], "text": "&", "span_num": 45, "line_num": 0, "block_num": 0}, {"bbox": [417, 462, 473, 484], "text": "Tax", "span_num": 46, "line_num": 0, "block_num": 0}, {"bbox": [483, 461, 574, 488], "text": "(PBIT)", "span_num": 47, "line_num": 0, "block_num": 0}]}, {"bbox": [35.0, 513.0, 810.0, 541.0], "column_nums": [0], "row_nums": [8], "column header": false, "subcell": false, "projected row header": false, "cell text": "Other Income (net)", "spans": [{"bbox": [41, 513, 129, 537], "text": "Other", "span_num": 50, "line_num": 0, "block_num": 0}, {"bbox": [139, 515, 250, 537], "text": "Income", "span_num": 51, "line_num": 0, "block_num": 0}, {"bbox": [261, 513, 331, 541], "text": "(net)", "span_num": 52, "line_num": 0, "block_num": 0}]}, {"bbox": [35.0, 566.0, 810.0, 597.0], "column_nums": [0], "row_nums": [9], "column header": false, "subcell": false, "projected row header": false, "cell text": "Profit before exceptional items", "spans": [{"bbox": [42, 566, 129, 590], "text": "Profit", "span_num": 55, "line_num": 0, "block_num": 0}, {"bbox": [139, 566, 244, 590], "text": "before", "span_num": 56, "line_num": 0, "block_num": 0}, {"bbox": [254, 566, 448, 597], "text": "exceptional", "span_num": 57, "line_num": 0, "block_num": 0}, {"bbox": [457, 566, 544, 590], "text": "items", "span_num": 58, "line_num": 0, "block_num": 0}]}, {"bbox": [35.0, 619.0, 810.0, 650.0], "column_nums": [0], "row_nums": [10], "column header": false, "subcell": false, "projected row header": false, "cell text": "Exceptional items", "spans": [{"bbox": [42, 619, 220, 650], "text": "Exceptional", "span_num": 61, "line_num": 0, "block_num": 0}, {"bbox": [230, 620, 312, 643], "text": "items", "span_num": 62, "line_num": 0, "block_num": 0}]}, {"bbox": [35.0, 672.0, 810.0, 701.0], "column_nums": [0], "row_nums": [11], "column header": false, "subcell": false, "projected row header": false, "cell text": "Profit Before Tax (PBT)", "spans": [{"bbox": [42, 672, 129, 696], "text": "Profit", "span_num": 65, "line_num": 0, "block_num": 0}, {"bbox": [139, 672, 243, 696], "text": "Before", "span_num": 66, "line_num": 0, "block_num": 0}, {"bbox": [252, 674, 308, 696], "text": "Tax", "span_num": 67, "line_num": 0, "block_num": 0}, {"bbox": [318, 673, 398, 700], "text": "(PBT)", "span_num": 68, "line_num": 0, "block_num": 0}]}, {"bbox": [35.0, 727.0, 810.0, 755.0], "column_nums": [0], "row_nums": [12], "column header": false, "subcell": false, "projected row header": false, "cell text": "Taxation", "spans": [{"bbox": [40, 727, 171, 751], "text": "Taxation", "span_num": 71, "line_num": 0, "block_num": 0}]}, {"bbox": [35.0, 779.0, 810.0, 810.0], "column_nums": [0], "row_nums": [13], "column header": false, "subcell": false, "projected row header": false, "cell text": "Profit for the year", "spans": [{"bbox": [42, 779, 129, 803], "text": "Profit", "span_num": 74, "line_num": 0, "block_num": 0}, {"bbox": [138, 779, 184, 803], "text": "for", "span_num": 75, "line_num": 0, "block_num": 0}, {"bbox": [191, 779, 244, 803], "text": "the", "span_num": 76, "line_num": 0, "block_num": 0}, {"bbox": [253, 786, 324, 810], "text": "year", "span_num": 77, "line_num": 0, "block_num": 0}]}, {"bbox": [35.0, 832.0, 810.0, 860.0], "column_nums": [0], "row_nums": [14], "column header": false, "subcell": false, "projected row header": false, "cell text": "Basic EPS (2)", "spans": [{"bbox": [42, 833, 119, 856], "text": "Basic", "span_num": 80, "line_num": 0, "block_num": 0}, {"bbox": [130, 833, 181, 856], "text": "EPS", "span_num": 81, "line_num": 0, "block_num": 0}, {"bbox": [192, 832, 228, 860], "text": "(2)", "span_num": 82, "line_num": 0, "block_num": 0}]}, {"bbox": [35.0, 1069.0, 810.0, 1097.0], "column_nums": [0], "row_nums": [16], "column header": false, "subcell": false, "projected row header": false, "cell text": "Return on Net Worth (%)", "spans": [{"bbox": [42, 1071, 139, 1093], "text": "Return", "span_num": 90, "line_num": 0, "block_num": 0}, {"bbox": [150, 1076, 187, 1093], "text": "on", "span_num": 91, "line_num": 0, "block_num": 0}, {"bbox": [199, 1071, 251, 1093], "text": "Net", "span_num": 92, "line_num": 0, "block_num": 0}, {"bbox": [259, 1069, 351, 1093], "text": "Worth", "span_num": 93, "line_num": 0, "block_num": 0}, {"bbox": [363, 1070, 405, 1097], "text": "(%)", "span_num": 94, "line_num": 0, "block_num": 0}]}, {"bbox": [35.0, 1122.0, 810.0, 1153.0], "column_nums": [0], "row_nums": [17], "column header": false, "subcell": false, "projected row header": false, "cell text": "Return on Capital Employed (%)", "spans": [{"bbox": [42, 1124, 139, 1146], "text": "Return", "span_num": 97, "line_num": 0, "block_num": 0}, {"bbox": [150, 1129, 187, 1146], "text": "on", "span_num": 98, "line_num": 0, "block_num": 0}, {"bbox": [198, 1122, 310, 1153], "text": "Capital", "span_num": 99, "line_num": 0, "block_num": 0}, {"bbox": [320, 1122, 470, 1153], "text": "Employed", "span_num": 100, "line_num": 0, "block_num": 0}, {"bbox": [481, 1123, 524, 1150], "text": "(%)", "span_num": 101, "line_num": 0, "block_num": 0}]}, {"bbox": [35.0, 1175.0, 810.0, 1206.0], "column_nums": [0], "row_nums": [18], "column header": false, "subcell": false, "projected row header": false, "cell text": "Basic Earnings Per Share (EPS) (2)", "spans": [{"bbox": [42, 1176, 119, 1199], "text": "Basic", "span_num": 104, "line_num": 0, "block_num": 0}, {"bbox": [130, 1176, 262, 1206], "text": "Earnings", "span_num": 105, "line_num": 0, "block_num": 0}, {"bbox": [274, 1177, 320, 1199], "text": "Per", "span_num": 106, "line_num": 0, "block_num": 0}, {"bbox": [329, 1175, 416, 1199], "text": "Share", "span_num": 107, "line_num": 0, "block_num": 0}, {"bbox": [426, 1176, 500, 1203], "text": "(EPS)", "span_num": 108, "line_num": 0, "block_num": 0}, {"bbox": [511, 1176, 547, 1203], "text": "(2)", "span_num": 109, "line_num": 0, "block_num": 0}]}, {"bbox": [35.0, 1229.0, 810.0, 1257.0], "column_nums": [0], "row_nums": [19], "column header": false, "subcell": false, "projected row header": false, "cell text": "Debtors Turnover (no. of times)", "spans": [{"bbox": [42, 1229, 161, 1253], "text": "Debtors", "span_num": 112, "line_num": 0, "block_num": 0}, {"bbox": [170, 1231, 304, 1253], "text": "Turnover", "span_num": 113, "line_num": 0, "block_num": 0}, {"bbox": [313, 1230, 369, 1257], "text": "(no.", "span_num": 114, "line_num": 0, "block_num": 0}, {"bbox": [379, 1229, 409, 1253], "text": "of", "span_num": 115, "line_num": 0, "block_num": 0}, {"bbox": [416, 1230, 510, 1257], "text": "times)", "span_num": 116, "line_num": 0, "block_num": 0}]}, {"bbox": [35.0, 1282.0, 810.0, 1313.0], "column_nums": [0], "row_nums": [20], "column header": false, "subcell": false, "projected row header": false, "cell text": "Inventory Turnover (no. of times)", "spans": [{"bbox": [42, 1284, 185, 1313], "text": "Inventory", "span_num": 119, "line_num": 0, "block_num": 0}, {"bbox": [193, 1284, 327, 1306], "text": "Turnover", "span_num": 120, "line_num": 0, "block_num": 0}, {"bbox": [336, 1283, 391, 1310], "text": "(no.", "span_num": 121, "line_num": 0, "block_num": 0}, {"bbox": [401, 1282, 431, 1306], "text": "of", "span_num": 122, "line_num": 0, "block_num": 0}, {"bbox": [438, 1283, 533, 1310], "text": "times)", "span_num": 123, "line_num": 0, "block_num": 0}]}, {"bbox": [35.0, 1336.0, 810.0, 1366.0], "column_nums": [0], "row_nums": [21], "column header": false, "subcell": false, "projected row header": false, "cell text": "Interest Coverage Ratio", "spans": [{"bbox": [42, 1337, 157, 1359], "text": "Interest", "span_num": 126, "line_num": 0, "block_num": 0}, {"bbox": [167, 1336, 313, 1366], "text": "Coverage", "span_num": 127, "line_num": 0, "block_num": 0}, {"bbox": [324, 1336, 401, 1359], "text": "Ratio", "span_num": 128, "line_num": 0, "block_num": 0}]}, {"bbox": [35.0, 1388.0, 810.0, 1419.0], "column_nums": [0], "row_nums": [22], "column header": false, "subcell": false, "projected row header": false, "cell text": "Debt Service Coverage Ratio", "spans": [{"bbox": [42, 1388, 114, 1412], "text": "Debt", "span_num": 131, "line_num": 0, "block_num": 0}, {"bbox": [124, 1389, 231, 1412], "text": "Service", "span_num": 132, "line_num": 0, "block_num": 0}, {"bbox": [241, 1389, 387, 1419], "text": "Coverage", "span_num": 133, "line_num": 0, "block_num": 0}, {"bbox": [398, 1389, 475, 1412], "text": "Ratio", "span_num": 134, "line_num": 0, "block_num": 0}]}, {"bbox": [35.0, 1443.0, 810.0, 1466.0], "column_nums": [0], "row_nums": [23], "column header": false, "subcell": false, "projected row header": false, "cell text": "Current Ratio", "spans": [{"bbox": [41, 1443, 156, 1466], "text": "Current", "span_num": 137, "line_num": 0, "block_num": 0}, {"bbox": [166, 1443, 243, 1466], "text": "Ratio", "span_num": 138, "line_num": 0, "block_num": 0}]}, {"bbox": [35.0, 1495.0, 810.0, 1526.0], "column_nums": [0], "row_nums": [24], "column header": false, "subcell": false, "projected row header": false, "cell text": "Debt Equity Ratio", "spans": [{"bbox": [42, 1495, 114, 1519], "text": "Debt", "span_num": 141, "line_num": 0, "block_num": 0}, {"bbox": [125, 1496, 218, 1526], "text": "Equity", "span_num": 142, "line_num": 0, "block_num": 0}, {"bbox": [228, 1496, 305, 1519], "text": "Ratio", "span_num": 143, "line_num": 0, "block_num": 0}]}, {"bbox": [35.0, 1548.0, 810.0, 1579.0], "column_nums": [0], "row_nums": [25], "column header": false, "subcell": false, "projected row header": false, "cell text": "Operating Profit Margin (%)", "spans": [{"bbox": [41, 1549, 198, 1579], "text": "Operating", "span_num": 146, "line_num": 0, "block_num": 0}, {"bbox": [210, 1548, 289, 1572], "text": "Profit", "span_num": 147, "line_num": 0, "block_num": 0}, {"bbox": [299, 1549, 405, 1579], "text": "Margin", "span_num": 148, "line_num": 0, "block_num": 0}, {"bbox": [416, 1549, 459, 1576], "text": "(%)", "span_num": 149, "line_num": 0, "block_num": 0}]}, {"bbox": [35.0, 1601.0, 810.0, 1632.0], "column_nums": [0], "row_nums": [26], "column header": false, "subcell": false, "projected row header": false, "cell text": "Net Profit Margin (%)", "spans": [{"bbox": [42, 1603, 94, 1625], "text": "Net", "span_num": 152, "line_num": 0, "block_num": 0}, {"bbox": [105, 1601, 183, 1625], "text": "Profit", "span_num": 153, "line_num": 0, "block_num": 0}, {"bbox": [193, 1602, 299, 1632], "text": "Margin", "span_num": 154, "line_num": 0, "block_num": 0}, {"bbox": [311, 1602, 353, 1629], "text": "(%)", "span_num": 155, "line_num": 0, "block_num": 0}]}, {"bbox": [1486.0, 13.0, 1758.0, 113.0], "column_nums": [1], "row_nums": [0], "column header": true, "subcell": false, "projected row header": false, "cell text": "Forthe yearended 31st March, 2023", "spans": [{"bbox": [1486, 54, 1582, 75], "text": "Forthe", "span_num": 2, "line_num": 0, "block_num": 0}, {"bbox": [1589, 54, 1747, 81], "text": "yearended", "span_num": 3, "line_num": 0, "block_num": 0}, {"bbox": [1514, 89, 1570, 109], "text": "31st", "span_num": 7, "line_num": 0, "block_num": 0}, {"bbox": [1579, 88, 1674, 113], "text": "March,", "span_num": 8, "line_num": 0, "block_num": 0}, {"bbox": [1683, 89, 1747, 109], "text": "2023", "span_num": 9, "line_num": 0, "block_num": 0}]}, {"bbox": [1486.0, 141.0, 1758.0, 169.0], "column_nums": [1], "row_nums": [1], "column header": false, "subcell": false, "projected row header": false, "cell text": "58,154", "spans": [{"bbox": [1649, 141, 1748, 169], "text": "58,154", "span_num": 14, "line_num": 0, "block_num": 0}]}, {"bbox": [1486.0, 193.0, 1758.0, 224.0], "column_nums": [1], "row_nums": [2], "column header": false, "subcell": false, "projected row header": false, "cell text": "990", "spans": [{"bbox": [1695, 194, 1747, 217], "text": "990", "span_num": 19, "line_num": 0, "block_num": 0}]}, {"bbox": [1486.0, 247.0, 1758.0, 278.0], "column_nums": [1], "row_nums": [3], "column header": false, "subcell": false, "projected row header": false, "cell text": "59,144", "spans": [{"bbox": [1646, 248, 1749, 276], "text": "59,144", "span_num": 25, "line_num": 0, "block_num": 0}]}, {"bbox": [1486.0, 301.0, 1758.0, 331.0], "column_nums": [1], "row_nums": [4], "column header": false, "subcell": false, "projected row header": false, "cell text": "45,512", "spans": [{"bbox": [1648, 301, 1747, 329], "text": "45,512", "span_num": 29, "line_num": 0, "block_num": 0}]}, {"bbox": [1486.0, 353.0, 1758.0, 384.0], "column_nums": [1], "row_nums": [5], "column header": false, "subcell": false, "projected row header": false, "cell text": "13,632", "spans": [{"bbox": [1651, 354, 1747, 382], "text": "13,632", "span_num": 37, "line_num": 0, "block_num": 0}]}, {"bbox": [1486.0, 403.0, 1758.0, 441.0], "column_nums": [1], "row_nums": [6], "column header": false, "subcell": false, "projected row header": false, "cell text": "1,030", "spans": [{"bbox": [1669, 407, 1747, 435], "text": "1,030", "span_num": 40, "line_num": 0, "block_num": 0}]}, {"bbox": [1486.0, 460.0, 1758.0, 489.0], "column_nums": [1], "row_nums": [7], "column header": false, "subcell": false, "projected row header": false, "cell text": "12,602", "spans": [{"bbox": [1651, 461, 1747, 489], "text": "12,602", "span_num": 48, "line_num": 0, "block_num": 0}]}, {"bbox": [1486.0, 513.0, 1758.0, 541.0], "column_nums": [1], "row_nums": [8], "column header": false, "subcell": false, "projected row header": false, "cell text": "539", "spans": [{"bbox": [1695, 514, 1747, 537], "text": "539", "span_num": 53, "line_num": 0, "block_num": 0}]}, {"bbox": [1486.0, 566.0, 1758.0, 597.0], "column_nums": [1], "row_nums": [9], "column header": false, "subcell": false, "projected row header": false, "cell text": "13,141", "spans": [{"bbox": [1651, 567, 1743, 595], "text": "13,141", "span_num": 59, "line_num": 0, "block_num": 0}]}, {"bbox": [1486.0, 619.0, 1758.0, 650.0], "column_nums": [1], "row_nums": [10], "column header": false, "subcell": false, "projected row header": false, "cell text": "(62)", "spans": [{"bbox": [1702, 620, 1758, 647], "text": "(62)", "span_num": 63, "line_num": 0, "block_num": 0}]}, {"bbox": [1486.0, 672.0, 1758.0, 701.0], "column_nums": [1], "row_nums": [11], "column header": false, "subcell": false, "projected row header": false, "cell text": "13,079", "spans": [{"bbox": [1651, 673, 1747, 701], "text": "13,079", "span_num": 69, "line_num": 0, "block_num": 0}]}, {"bbox": [1486.0, 727.0, 1758.0, 755.0], "column_nums": [1], "row_nums": [12], "column header": false, "subcell": false, "projected row header": false, "cell text": "3,117", "spans": [{"bbox": [1667, 727, 1747, 755], "text": "3,117", "span_num": 72, "line_num": 0, "block_num": 0}]}, {"bbox": [1486.0, 779.0, 1758.0, 810.0], "column_nums": [1], "row_nums": [13], "column header": false, "subcell": false, "projected row header": false, "cell text": "9,962", "spans": [{"bbox": [1667, 780, 1747, 808], "text": "9,962", "span_num": 78, "line_num": 0, "block_num": 0}]}, {"bbox": [1486.0, 832.0, 1758.0, 860.0], "column_nums": [1], "row_nums": [14], "column header": false, "subcell": false, "projected row header": false, "cell text": "42.40", "spans": [{"bbox": [1669, 833, 1747, 856], "text": "42.40", "span_num": 83, "line_num": 0, "block_num": 0}]}, {"bbox": [1486.0, 1069.0, 1758.0, 1097.0], "column_nums": [1], "row_nums": [16], "column header": false, "subcell": false, "projected row header": false, "cell text": "20.1", "spans": [{"bbox": [1689, 1070, 1744, 1093], "text": "20.1", "span_num": 95, "line_num": 0, "block_num": 0}]}, {"bbox": [1486.0, 1122.0, 1758.0, 1153.0], "column_nums": [1], "row_nums": [17], "column header": false, "subcell": false, "projected row header": false, "cell text": "101.9", "spans": [{"bbox": [1672, 1123, 1748, 1146], "text": "101.9", "span_num": 102, "line_num": 0, "block_num": 0}]}, {"bbox": [1486.0, 1175.0, 1758.0, 1206.0], "column_nums": [1], "row_nums": [18], "column header": false, "subcell": false, "projected row header": false, "cell text": "42.40", "spans": [{"bbox": [1670, 1176, 1748, 1199], "text": "42.40", "span_num": 110, "line_num": 0, "block_num": 0}]}, {"bbox": [1486.0, 1229.0, 1758.0, 1257.0], "column_nums": [1], "row_nums": [19], "column header": false, "subcell": false, "projected row header": false, "cell text": "24.9", "spans": [{"bbox": [1689, 1230, 1748, 1253], "text": "24.9", "span_num": 117, "line_num": 0, "block_num": 0}]}, {"bbox": [1486.0, 1282.0, 1758.0, 1313.0], "column_nums": [1], "row_nums": [20], "column header": false, "subcell": false, "projected row header": false, "cell text": "14.7", "spans": [{"bbox": [1691, 1283, 1748, 1306], "text": "14.7", "span_num": 124, "line_num": 0, "block_num": 0}]}, {"bbox": [1486.0, 1336.0, 1758.0, 1366.0], "column_nums": [1], "row_nums": [21], "column header": false, "subcell": false, "projected row header": false, "cell text": "143.9", "spans": [{"bbox": [1672, 1336, 1748, 1359], "text": "143.9", "span_num": 129, "line_num": 0, "block_num": 0}]}, {"bbox": [1486.0, 1388.0, 1758.0, 1419.0], "column_nums": [1], "row_nums": [22], "column header": false, "subcell": false, "projected row header": false, "cell text": "21.8", "spans": [{"bbox": [1689, 1389, 1748, 1412], "text": "21.8", "span_num": 135, "line_num": 0, "block_num": 0}]}, {"bbox": [1486.0, 1443.0, 1758.0, 1466.0], "column_nums": [1], "row_nums": [23], "column header": false, "subcell": false, "projected row header": false, "cell text": "1.4", "spans": [{"bbox": [1709, 1443, 1749, 1466], "text": "1.4", "span_num": 139, "line_num": 0, "block_num": 0}]}, {"bbox": [1486.0, 1495.0, 1758.0, 1526.0], "column_nums": [1], "row_nums": [24], "column header": false, "subcell": false, "projected row header": false, "cell text": "0.0", "spans": [{"bbox": [1707, 1496, 1748, 1519], "text": "0.0", "span_num": 144, "line_num": 0, "block_num": 0}]}, {"bbox": [1486.0, 1548.0, 1758.0, 1579.0], "column_nums": [1], "row_nums": [25], "column header": false, "subcell": false, "projected row header": false, "cell text": "21.7", "spans": [{"bbox": [1689, 1549, 1748, 1572], "text": "21.7", "span_num": 150, "line_num": 0, "block_num": 0}]}, {"bbox": [1486.0, 1601.0, 1758.0, 1632.0], "column_nums": [1], "row_nums": [26], "column header": false, "subcell": false, "projected row header": false, "cell text": "17.1", "spans": [{"bbox": [1691, 1603, 1743, 1625], "text": "17.1", "span_num": 156, "line_num": 0, "block_num": 0}]}, {"bbox": [1782.0, 13.0, 2054.0, 113.0], "column_nums": [2], "row_nums": [0], "column header": true, "subcell": false, "projected row header": false, "cell text": "(Zin crores) Forthe year ended 31st March, 2022", "spans": [{"bbox": [1915, 13, 1959, 33], "text": "(Zin", "span_num": 0, "line_num": 0, "block_num": 0}, {"bbox": [1968, 13, 2043, 33], "text": "crores)", "span_num": 1, "line_num": 0, "block_num": 0}, {"bbox": [1782, 54, 1878, 75], "text": "Forthe", "span_num": 4, "line_num": 0, "block_num": 0}, {"bbox": [1885, 60, 1948, 81], "text": "year", "span_num": 5, "line_num": 0, "block_num": 0}, {"bbox": [1955, 54, 2043, 75], "text": "ended", "span_num": 6, "line_num": 0, "block_num": 0}, {"bbox": [1810, 89, 1866, 109], "text": "31st", "span_num": 10, "line_num": 0, "block_num": 0}, {"bbox": [1875, 88, 1970, 113], "text": "March,", "span_num": 11, "line_num": 0, "block_num": 0}, {"bbox": [1978, 89, 2044, 109], "text": "2022", "span_num": 12, "line_num": 0, "block_num": 0}]}, {"bbox": [1782.0, 141.0, 2054.0, 169.0], "column_nums": [2], "row_nums": [1], "column header": false, "subcell": false, "projected row header": false, "cell text": "50,336", "spans": [{"bbox": [1945, 141, 2043, 169], "text": "50,336", "span_num": 15, "line_num": 0, "block_num": 0}]}, {"bbox": [1782.0, 193.0, 2054.0, 224.0], "column_nums": [2], "row_nums": [2], "column header": false, "subcell": false, "projected row header": false, "cell text": "857", "spans": [{"bbox": [1991, 195, 2043, 217], "text": "857", "span_num": 20, "line_num": 0, "block_num": 0}]}, {"bbox": [1782.0, 247.0, 2054.0, 278.0], "column_nums": [2], "row_nums": [3], "column header": false, "subcell": false, "projected row header": false, "cell text": "51,193", "spans": [{"bbox": [1942, 248, 2043, 276], "text": "51,193", "span_num": 26, "line_num": 0, "block_num": 0}]}, {"bbox": [1782.0, 301.0, 2054.0, 331.0], "column_nums": [2], "row_nums": [4], "column header": false, "subcell": false, "projected row header": false, "cell text": "38,690", "spans": [{"bbox": [1945, 301, 2043, 329], "text": "38,690", "span_num": 30, "line_num": 0, "block_num": 0}]}, {"bbox": [1782.0, 353.0, 2054.0, 384.0], "column_nums": [2], "row_nums": [5], "column header": false, "subcell": false, "projected row header": false, "cell text": "12,503", "spans": [{"bbox": [1947, 354, 2043, 381], "text": "12,503", "span_num": 38, "line_num": 0, "block_num": 0}]}, {"bbox": [1782.0, 403.0, 2054.0, 441.0], "column_nums": [2], "row_nums": [6], "column header": false, "subcell": false, "projected row header": false, "cell text": "1,025", "spans": [{"bbox": [1965, 407, 2043, 435], "text": "1,025", "span_num": 41, "line_num": 0, "block_num": 0}]}, {"bbox": [1782.0, 460.0, 2054.0, 489.0], "column_nums": [2], "row_nums": [7], "column header": false, "subcell": false, "projected row header": false, "cell text": "11,478", "spans": [{"bbox": [1947, 461, 2043, 489], "text": "11,478", "span_num": 49, "line_num": 0, "block_num": 0}]}, {"bbox": [1782.0, 513.0, 2054.0, 541.0], "column_nums": [2], "row_nums": [8], "column header": false, "subcell": false, "projected row header": false, "cell text": "295", "spans": [{"bbox": [1991, 514, 2043, 537], "text": "295", "span_num": 54, "line_num": 0, "block_num": 0}]}, {"bbox": [1782.0, 566.0, 2054.0, 597.0], "column_nums": [2], "row_nums": [9], "column header": false, "subcell": false, "projected row header": false, "cell text": "11,773", "spans": [{"bbox": [1947, 567, 2043, 595], "text": "11,773", "span_num": 60, "line_num": 0, "block_num": 0}]}, {"bbox": [1782.0, 619.0, 2054.0, 650.0], "column_nums": [2], "row_nums": [10], "column header": false, "subcell": false, "projected row header": false, "cell text": "(34)", "spans": [{"bbox": [1999, 620, 2054, 647], "text": "(34)", "span_num": 64, "line_num": 0, "block_num": 0}]}, {"bbox": [1782.0, 672.0, 2054.0, 701.0], "column_nums": [2], "row_nums": [11], "column header": false, "subcell": false, "projected row header": false, "cell text": "11,739", "spans": [{"bbox": [1947, 673, 2043, 701], "text": "11,739", "span_num": 70, "line_num": 0, "block_num": 0}]}, {"bbox": [1782.0, 727.0, 2054.0, 755.0], "column_nums": [2], "row_nums": [12], "column header": false, "subcell": false, "projected row header": false, "cell text": "2,921", "spans": [{"bbox": [1963, 727, 2038, 755], "text": "2,921", "span_num": 73, "line_num": 0, "block_num": 0}]}, {"bbox": [1782.0, 779.0, 2054.0, 810.0], "column_nums": [2], "row_nums": [13], "column header": false, "subcell": false, "projected row header": false, "cell text": "8,818", "spans": [{"bbox": [1963, 780, 2043, 808], "text": "8,818", "span_num": 79, "line_num": 0, "block_num": 0}]}, {"bbox": [1782.0, 832.0, 2054.0, 860.0], "column_nums": [2], "row_nums": [14], "column header": false, "subcell": false, "projected row header": false, "cell text": "37.53", "spans": [{"bbox": [1966, 833, 2043, 856], "text": "37.53", "span_num": 84, "line_num": 0, "block_num": 0}]}, {"bbox": [1782.0, 1069.0, 2054.0, 1097.0], "column_nums": [2], "row_nums": [16], "column header": false, "subcell": false, "projected row header": false, "cell text": "18.6", "spans": [{"bbox": [1987, 1070, 2044, 1093], "text": "18.6", "span_num": 96, "line_num": 0, "block_num": 0}]}, {"bbox": [1782.0, 1122.0, 2054.0, 1153.0], "column_nums": [2], "row_nums": [17], "column header": false, "subcell": false, "projected row header": false, "cell text": "107.8", "spans": [{"bbox": [1968, 1123, 2044, 1146], "text": "107.8", "span_num": 103, "line_num": 0, "block_num": 0}]}, {"bbox": [1782.0, 1175.0, 2054.0, 1206.0], "column_nums": [2], "row_nums": [18], "column header": false, "subcell": false, "projected row header": false, "cell text": "37.53", "spans": [{"bbox": [1966, 1176, 2044, 1199], "text": "37.53", "span_num": 111, "line_num": 0, "block_num": 0}]}, {"bbox": [1782.0, 1229.0, 2054.0, 1257.0], "column_nums": [2], "row_nums": [19], "column header": false, "subcell": false, "projected row header": false, "cell text": "28.1", "spans": [{"bbox": [1985, 1230, 2039, 1253], "text": "28.1", "span_num": 118, "line_num": 0, "block_num": 0}]}, {"bbox": [1782.0, 1282.0, 2054.0, 1313.0], "column_nums": [2], "row_nums": [20], "column header": false, "subcell": false, "projected row header": false, "cell text": "13.8", "spans": [{"bbox": [1987, 1283, 2044, 1306], "text": "13.8", "span_num": 125, "line_num": 0, "block_num": 0}]}, {"bbox": [1782.0, 1336.0, 2054.0, 1366.0], "column_nums": [2], "row_nums": [21], "column header": false, "subcell": false, "projected row header": false, "cell text": "129.2", "spans": [{"bbox": [1968, 1336, 2044, 1359], "text": "129.2", "span_num": 130, "line_num": 0, "block_num": 0}]}, {"bbox": [1782.0, 1388.0, 2054.0, 1419.0], "column_nums": [2], "row_nums": [22], "column header": false, "subcell": false, "projected row header": false, "cell text": "21.4", "spans": [{"bbox": [1985, 1389, 2045, 1412], "text": "21.4", "span_num": 136, "line_num": 0, "block_num": 0}]}, {"bbox": [1782.0, 1443.0, 2054.0, 1466.0], "column_nums": [2], "row_nums": [23], "column header": false, "subcell": false, "projected row header": false, "cell text": "1.3", "spans": [{"bbox": [2005, 1443, 2044, 1466], "text": "1.3", "span_num": 140, "line_num": 0, "block_num": 0}]}, {"bbox": [1782.0, 1495.0, 2054.0, 1526.0], "column_nums": [2], "row_nums": [24], "column header": false, "subcell": false, "projected row header": false, "cell text": "0.0", "spans": [{"bbox": [2003, 1496, 2044, 1519], "text": "0.0", "span_num": 145, "line_num": 0, "block_num": 0}]}, {"bbox": [1782.0, 1548.0, 2054.0, 1579.0], "column_nums": [2], "row_nums": [25], "column header": false, "subcell": false, "projected row header": false, "cell text": "22.8", "spans": [{"bbox": [1985, 1549, 2044, 1572], "text": "22.8", "span_num": 151, "line_num": 0, "block_num": 0}]}, {"bbox": [1782.0, 1601.0, 2054.0, 1632.0], "column_nums": [2], "row_nums": [26], "column header": false, "subcell": false, "projected row header": false, "cell text": "175", "spans": [{"bbox": [1987, 1603, 2044, 1625], "text": "175", "span_num": 157, "line_num": 0, "block_num": 0}]}, {"bbox": [35.0, 936.0, 2054.0, 1038.0], "column_nums": [0, 1, 2], "row_nums": [15], "column header": false, "projected row header": true, "cell text": "Key Financial Ratios 2022-23 2021-22", "spans": [{"bbox": [35, 938, 114, 981], "text": "Key", "span_num": 85, "line_num": 0, "block_num": 0}, {"bbox": [128, 936, 340, 971], "text": "Financial", "span_num": 86, "line_num": 0, "block_num": 0}, {"bbox": [354, 936, 497, 971], "text": "Ratios", "span_num": 87, "line_num": 0, "block_num": 0}, {"bbox": [1638, 1018, 1748, 1038], "text": "2022-23", "span_num": 88, "line_num": 0, "block_num": 0}, {"bbox": [1936, 1018, 2044, 1038], "text": "2021-22", "span_num": 89, "line_num": 0, "block_num": 0}]}]