,"Forthe yearended 31st March, 2023","(Zin crores) Forthe year ended 31st March, 2022"
Turnover,"58,154","50,336"
Other operational income,990,857
Total Revenue from operations,"59,144","51,193"
Operating Costs,"45,512","38,690"
"Profit Before Depreciation, Interest, Tax (PBDIT)","13,632","12,503"
Depreciation,"1,030","1,025"
Profit Before Interest & Tax (PBIT),"12,602","11,478"
Other Income (net),539,295
Profit before exceptional items,"13,141","11,773"
Exceptional items,(62),(34)
Profit Before Tax (PBT),"13,079","11,739"
Taxation,"3,117","2,921"
Profit for the year,"9,962","8,818"
Basic EPS (2),42.40,37.53
Key Financial Ratios 2022-23 2021-22,Key Financial Ratios 2022-23 2021-22,Key Financial Ratios 2022-23 2021-22
Return on Net Worth (%),20.1,18.6
Return on Capital Employed (%),101.9,107.8
Basic Earnings Per Share (EPS) (2),42.40,37.53
Debtors Turnover (no. of times),24.9,28.1
Inventory Turnover (no. of times),14.7,13.8
Interest Coverage Ratio,143.9,129.2
Debt Service Coverage Ratio,21.8,21.4
Current Ratio,1.4,1.3
Debt Equity Ratio,0.0,0.0
Operating Profit Margin (%),21.7,22.8
Net Profit Margin (%),17.1,175
