[{"bbox": [19.0, 8.0, 217.0, 142.0], "column_nums": [0], "row_nums": [0], "column header": true, "subcell": false, "projected row header": false, "cell text": "Name of the Members", "spans": [{"bbox": [19, 79, 101, 98], "text": "Name", "span_num": 8, "line_num": 0, "block_num": 0}, {"bbox": [110, 77, 138, 98], "text": "of", "span_num": 9, "line_num": 0, "block_num": 0}, {"bbox": [144, 77, 190, 98], "text": "the", "span_num": 10, "line_num": 0, "block_num": 0}, {"bbox": [19, 107, 149, 142], "text": "Members", "span_num": 17, "line_num": 0, "block_num": 0}]}, {"bbox": [19.0, 163.0, 217.0, 238.0], "column_nums": [0], "row_nums": [1], "column header": false, "subcell": false, "projected row header": false, "cell text": "O. P. Bhatt - Chairperson", "spans": [{"bbox": [19, 164, 49, 187], "text": "O.", "span_num": 24, "line_num": 0, "block_num": 0}, {"bbox": [60, 165, 82, 187], "text": "P.", "span_num": 25, "line_num": 0, "block_num": 0}, {"bbox": [93, 163, 174, 187], "text": "Bhatt", "span_num": 26, "line_num": 0, "block_num": 0}, {"bbox": [183, 177, 197, 180], "text": "-", "span_num": 27, "line_num": 0, "block_num": 0}, {"bbox": [19, 199, 207, 238], "text": "Chairperson", "span_num": 31, "line_num": 0, "block_num": 0}]}, {"bbox": [19.0, 250.0, 217.0, 314.0], "column_nums": [0], "row_nums": [2], "column header": false, "subcell": false, "projected row header": false, "cell text": "Sanjiv Misra", "spans": [{"bbox": [19, 251, 110, 281], "text": "Sanjiv", "span_num": 33, "line_num": 0, "block_num": 0}, {"bbox": [120, 251, 202, 274], "text": "Misra", "span_num": 34, "line_num": 0, "block_num": 0}]}, {"bbox": [19.0, 338.0, 217.0, 413.0], "column_nums": [0], "row_nums": [3], "column header": false, "subcell": false, "projected row header": false, "cell text": "Kalpana Morparia", "spans": [{"bbox": [20, 338, 149, 369], "text": "Kalpana", "span_num": 39, "line_num": 0, "block_num": 0}, {"bbox": [20, 375, 161, 413], "text": "Morparia", "span_num": 43, "line_num": 0, "block_num": 0}]}, {"bbox": [19.0, 426.0, 217.0, 490.0], "column_nums": [0], "row_nums": [4], "column header": false, "subcell": false, "projected row header": false, "cell text": "Leo Puri", "spans": [{"bbox": [20, 428, 72, 450], "text": "Leo", "span_num": 45, "line_num": 0, "block_num": 0}, {"bbox": [83, 427, 137, 450], "text": "Puri", "span_num": 46, "line_num": 0, "block_num": 0}]}, {"bbox": [19.0, 514.0, 217.0, 578.0], "column_nums": [0], "row_nums": [5], "column header": false, "subcell": false, "projected row header": false, "cell text": "SanjivMehta", "spans": [{"bbox": [19, 514, 217, 545], "text": "SanjivMehta", "span_num": 51, "line_num": 0, "block_num": 0}]}, {"bbox": [19.0, 601.0, 217.0, 666.0], "column_nums": [0], "row_nums": [6], "column header": false, "subcell": false, "projected row header": false, "cell text": "Ritesh Tiwari", "spans": [{"bbox": [20, 601, 109, 625], "text": "Ritesh", "span_num": 56, "line_num": 0, "block_num": 0}, {"bbox": [119, 602, 209, 625], "text": "Tiwari", "span_num": 57, "line_num": 0, "block_num": 0}]}, {"bbox": [270.0, 8.0, 470.0, 142.0], "column_nums": [1], "row_nums": [0], "column header": true, "subcell": false, "projected row header": false, "cell text": "Category of Directorship", "spans": [{"bbox": [270, 78, 401, 104], "text": "Category", "span_num": 11, "line_num": 0, "block_num": 0}, {"bbox": [409, 77, 437, 98], "text": "of", "span_num": 12, "line_num": 0, "block_num": 0}, {"bbox": [271, 111, 445, 138], "text": "Directorship", "span_num": 18, "line_num": 0, "block_num": 0}]}, {"bbox": [270.0, 163.0, 470.0, 238.0], "column_nums": [1], "row_nums": [1], "column header": false, "subcell": false, "projected row header": false, "cell text": "Independent Director", "spans": [{"bbox": [272, 163, 470, 194], "text": "Independent", "span_num": 28, "line_num": 0, "block_num": 0}, {"bbox": [272, 204, 393, 227], "text": "Director", "span_num": 32, "line_num": 0, "block_num": 0}]}, {"bbox": [270.0, 250.0, 470.0, 314.0], "column_nums": [1], "row_nums": [2], "column header": false, "subcell": false, "projected row header": false, "cell text": "Independent Director", "spans": [{"bbox": [272, 250, 470, 281], "text": "Independent", "span_num": 35, "line_num": 0, "block_num": 0}, {"bbox": [272, 291, 393, 314], "text": "Director", "span_num": 38, "line_num": 0, "block_num": 0}]}, {"bbox": [270.0, 338.0, 470.0, 413.0], "column_nums": [1], "row_nums": [3], "column header": false, "subcell": false, "projected row header": false, "cell text": "Independent Director", "spans": [{"bbox": [272, 338, 470, 369], "text": "Independent", "span_num": 40, "line_num": 0, "block_num": 0}, {"bbox": [272, 379, 393, 402], "text": "Director", "span_num": 44, "line_num": 0, "block_num": 0}]}, {"bbox": [270.0, 426.0, 470.0, 490.0], "column_nums": [1], "row_nums": [4], "column header": false, "subcell": false, "projected row header": false, "cell text": "Independent Director", "spans": [{"bbox": [272, 426, 470, 457], "text": "Independent", "span_num": 47, "line_num": 0, "block_num": 0}, {"bbox": [272, 467, 393, 490], "text": "Director", "span_num": 50, "line_num": 0, "block_num": 0}]}, {"bbox": [270.0, 514.0, 470.0, 578.0], "column_nums": [1], "row_nums": [5], "column header": false, "subcell": false, "projected row header": false, "cell text": "Executive Director", "spans": [{"bbox": [272, 515, 413, 538], "text": "Executive", "span_num": 52, "line_num": 0, "block_num": 0}, {"bbox": [272, 555, 393, 578], "text": "Director", "span_num": 55, "line_num": 0, "block_num": 0}]}, {"bbox": [270.0, 601.0, 470.0, 666.0], "column_nums": [1], "row_nums": [6], "column header": false, "subcell": false, "projected row header": false, "cell text": "Executive Director", "spans": [{"bbox": [272, 602, 413, 625], "text": "Executive", "span_num": 58, "line_num": 0, "block_num": 0}, {"bbox": [272, 643, 393, 666], "text": "Director", "span_num": 61, "line_num": 0, "block_num": 0}]}, {"bbox": [519.0, 8.0, 746.0, 142.0], "column_nums": [2], "row_nums": [0], "column header": true, "subcell": false, "projected row header": false, "cell text": "Number of meetings of CSR Committee held during the year", "spans": [{"bbox": [559, 8, 672, 29], "text": "Number", "span_num": 0, "line_num": 0, "block_num": 0}, {"bbox": [679, 8, 708, 29], "text": "of", "span_num": 1, "line_num": 0, "block_num": 0}, {"bbox": [520, 44, 651, 70], "text": "meetings", "span_num": 4, "line_num": 0, "block_num": 0}, {"bbox": [667, 43, 688, 64], "text": "of", "span_num": 5, "line_num": 0, "block_num": 0}, {"bbox": [708, 39, 746, 74], "text": "CSR", "span_num": 6, "line_num": 0, "block_num": 0}, {"bbox": [519, 77, 676, 98], "text": "Committee", "span_num": 13, "line_num": 0, "block_num": 0}, {"bbox": [685, 77, 745, 98], "text": "held", "span_num": 14, "line_num": 0, "block_num": 0}, {"bbox": [524, 111, 616, 138], "text": "during", "span_num": 19, "line_num": 0, "block_num": 0}, {"bbox": [624, 111, 670, 132], "text": "the", "span_num": 20, "line_num": 0, "block_num": 0}, {"bbox": [678, 117, 741, 138], "text": "year", "span_num": 21, "line_num": 0, "block_num": 0}]}, {"bbox": [519.0, 163.0, 746.0, 238.0], "column_nums": [2], "row_nums": [1], "column header": false, "subcell": false, "projected row header": false, "cell text": "2", "spans": [{"bbox": [624, 164, 640, 187], "text": "2", "span_num": 29, "line_num": 0, "block_num": 0}]}, {"bbox": [519.0, 250.0, 746.0, 314.0], "column_nums": [2], "row_nums": [2], "column header": false, "subcell": false, "projected row header": false, "cell text": "2", "spans": [{"bbox": [624, 251, 640, 274], "text": "2", "span_num": 36, "line_num": 0, "block_num": 0}]}, {"bbox": [519.0, 338.0, 746.0, 413.0], "column_nums": [2], "row_nums": [3], "column header": false, "subcell": false, "projected row header": false, "cell text": "2", "spans": [{"bbox": [624, 339, 640, 362], "text": "2", "span_num": 41, "line_num": 0, "block_num": 0}]}, {"bbox": [519.0, 426.0, 746.0, 490.0], "column_nums": [2], "row_nums": [4], "column header": false, "subcell": false, "projected row header": false, "cell text": "2", "spans": [{"bbox": [624, 427, 640, 450], "text": "2", "span_num": 48, "line_num": 0, "block_num": 0}]}, {"bbox": [519.0, 514.0, 746.0, 578.0], "column_nums": [2], "row_nums": [5], "column header": false, "subcell": false, "projected row header": false, "cell text": "2", "spans": [{"bbox": [624, 515, 640, 538], "text": "2", "span_num": 53, "line_num": 0, "block_num": 0}]}, {"bbox": [519.0, 601.0, 746.0, 666.0], "column_nums": [2], "row_nums": [6], "column header": false, "subcell": false, "projected row header": false, "cell text": "2", "spans": [{"bbox": [624, 603, 640, 625], "text": "2", "span_num": 59, "line_num": 0, "block_num": 0}]}, {"bbox": [767.0, 8.0, 1000.0, 142.0], "column_nums": [3], "row_nums": [0], "column header": true, "subcell": false, "projected row header": false, "cell text": "meetings of CSRCommittee attended during the year", "spans": [{"bbox": [801, 9, 932, 35], "text": "meetings", "span_num": 2, "line_num": 0, "block_num": 0}, {"bbox": [941, 8, 969, 29], "text": "of", "span_num": 3, "line_num": 0, "block_num": 0}, {"bbox": [776, 43, 992, 64], "text": "CSRCommittee", "span_num": 7, "line_num": 0, "block_num": 0}, {"bbox": [767, 77, 899, 98], "text": "attended", "span_num": 15, "line_num": 0, "block_num": 0}, {"bbox": [908, 77, 1000, 104], "text": "during", "span_num": 16, "line_num": 0, "block_num": 0}, {"bbox": [826, 111, 872, 132], "text": "the", "span_num": 22, "line_num": 0, "block_num": 0}, {"bbox": [879, 117, 942, 138], "text": "year", "span_num": 23, "line_num": 0, "block_num": 0}]}, {"bbox": [767.0, 163.0, 1000.0, 238.0], "column_nums": [3], "row_nums": [1], "column header": false, "subcell": false, "projected row header": false, "cell text": "2", "spans": [{"bbox": [876, 164, 892, 187], "text": "2", "span_num": 30, "line_num": 0, "block_num": 0}]}, {"bbox": [767.0, 250.0, 1000.0, 314.0], "column_nums": [3], "row_nums": [2], "column header": false, "subcell": false, "projected row header": false, "cell text": "2", "spans": [{"bbox": [876, 252, 892, 274], "text": "2", "span_num": 37, "line_num": 0, "block_num": 0}]}, {"bbox": [767.0, 338.0, 1000.0, 413.0], "column_nums": [3], "row_nums": [3], "column header": false, "subcell": false, "projected row header": false, "cell text": "2", "spans": [{"bbox": [876, 340, 892, 362], "text": "2", "span_num": 42, "line_num": 0, "block_num": 0}]}, {"bbox": [767.0, 426.0, 1000.0, 490.0], "column_nums": [3], "row_nums": [4], "column header": false, "subcell": false, "projected row header": false, "cell text": "2", "spans": [{"bbox": [876, 428, 892, 450], "text": "2", "span_num": 49, "line_num": 0, "block_num": 0}]}, {"bbox": [767.0, 514.0, 1000.0, 578.0], "column_nums": [3], "row_nums": [5], "column header": false, "subcell": false, "projected row header": false, "cell text": "2", "spans": [{"bbox": [876, 516, 892, 538], "text": "2", "span_num": 54, "line_num": 0, "block_num": 0}]}, {"bbox": [767.0, 601.0, 1000.0, 666.0], "column_nums": [3], "row_nums": [6], "column header": false, "subcell": false, "projected row header": false, "cell text": "2", "spans": [{"bbox": [876, 603, 892, 625], "text": "2", "span_num": 60, "line_num": 0, "block_num": 0}]}]