[{"bbox": [6.0, 285.0, 51.0, 322.0], "column_nums": [0], "row_nums": [3], "column header": false, "subcell": false, "projected row header": false, "cell text": "ile", "spans": [{"bbox": [8, 285, 28, 322], "text": "ile", "span_num": 62, "line_num": 0, "block_num": 0}]}, {"bbox": [6.0, 335.0, 51.0, 358.0], "column_nums": [0], "row_nums": [4], "column header": false, "subcell": false, "projected row header": false, "cell text": "2.", "spans": [{"bbox": [6, 335, 28, 358], "text": "2.", "span_num": 71, "line_num": 0, "block_num": 0}]}, {"bbox": [6.0, 384.0, 51.0, 406.0], "column_nums": [0], "row_nums": [5], "column header": false, "subcell": false, "projected row header": false, "cell text": "3.", "spans": [{"bbox": [6, 384, 28, 406], "text": "3.", "span_num": 80, "line_num": 0, "block_num": 0}]}, {"bbox": [6.0, 285.0, 844.0, 322.0], "column_nums": [1], "row_nums": [3], "column header": false, "subcell": false, "projected row header": false, "cell text": "FY 2021-22", "spans": [{"bbox": [90, 289, 122, 311], "text": "FY", "span_num": 63, "line_num": 0, "block_num": 0}, {"bbox": [131, 288, 251, 311], "text": "2021-22", "span_num": 64, "line_num": 0, "block_num": 0}]}, {"bbox": [6.0, 335.0, 844.0, 358.0], "column_nums": [1], "row_nums": [4], "column header": false, "subcell": false, "projected row header": false, "cell text": "FY 2020-21", "spans": [{"bbox": [90, 336, 122, 358], "text": "FY", "span_num": 72, "line_num": 0, "block_num": 0}, {"bbox": [131, 335, 247, 358], "text": "2020-21", "span_num": 73, "line_num": 0, "block_num": 0}]}, {"bbox": [6.0, 384.0, 844.0, 406.0], "column_nums": [1], "row_nums": [5], "column header": false, "subcell": false, "projected row header": false, "cell text": "FY 2019-20", "spans": [{"bbox": [90, 384, 122, 406], "text": "FY", "span_num": 81, "line_num": 0, "block_num": 0}, {"bbox": [131, 384, 252, 406], "text": "2019-20", "span_num": 82, "line_num": 0, "block_num": 0}]}, {"bbox": [371.0, 285.0, 577.0, 322.0], "column_nums": [2], "row_nums": [3], "column header": false, "subcell": false, "projected row header": false, "cell text": "28,14,87,646", "spans": [{"bbox": [384, 288, 576, 316], "text": "28,14,87,646", "span_num": 65, "line_num": 0, "block_num": 0}]}, {"bbox": [371.0, 335.0, 577.0, 358.0], "column_nums": [2], "row_nums": [4], "column header": false, "subcell": false, "projected row header": false, "cell text": "-", "spans": [{"bbox": [566, 348, 576, 351], "text": "-", "span_num": 74, "line_num": 0, "block_num": 0}]}, {"bbox": [371.0, 384.0, 577.0, 406.0], "column_nums": [2], "row_nums": [5], "column header": false, "subcell": false, "projected row header": false, "cell text": "-", "spans": [{"bbox": [566, 396, 576, 399], "text": "-", "span_num": 83, "line_num": 0, "block_num": 0}]}, {"bbox": [620.0, 285.0, 826.0, 322.0], "column_nums": [3], "row_nums": [3], "column header": false, "subcell": false, "projected row header": false, "cell text": "10,286", "spans": [{"bbox": [728, 288, 825, 315], "text": "10,286", "span_num": 66, "line_num": 0, "block_num": 0}]}, {"bbox": [620.0, 335.0, 826.0, 358.0], "column_nums": [3], "row_nums": [4], "column header": false, "subcell": false, "projected row header": false, "cell text": "-", "spans": [{"bbox": [815, 348, 824, 351], "text": "-", "span_num": 75, "line_num": 0, "block_num": 0}]}, {"bbox": [620.0, 384.0, 826.0, 406.0], "column_nums": [3], "row_nums": [5], "column header": false, "subcell": false, "projected row header": false, "cell text": "-", "spans": [{"bbox": [815, 396, 824, 399], "text": "-", "span_num": 84, "line_num": 0, "block_num": 0}]}, {"bbox": [856.0, 285.0, 1093.0, 322.0], "column_nums": [4], "row_nums": [3], "column header": false, "subcell": false, "projected row header": false, "cell text": "28,14,77,360", "spans": [{"bbox": [882, 288, 1073, 316], "text": "28,14,77,360", "span_num": 67, "line_num": 0, "block_num": 0}]}, {"bbox": [856.0, 335.0, 1093.0, 358.0], "column_nums": [4], "row_nums": [4], "column header": false, "subcell": false, "projected row header": false, "cell text": "-", "spans": [{"bbox": [1064, 348, 1073, 351], "text": "-", "span_num": 76, "line_num": 0, "block_num": 0}]}, {"bbox": [856.0, 384.0, 1093.0, 406.0], "column_nums": [4], "row_nums": [5], "column header": false, "subcell": false, "projected row header": false, "cell text": "-", "spans": [{"bbox": [1064, 396, 1073, 399], "text": "-", "span_num": 85, "line_num": 0, "block_num": 0}]}, {"bbox": [1105.0, 207.0, 1352.0, 271.0], "column_nums": [5], "row_nums": [2], "column header": true, "subcell": false, "projected row header": false, "cell text": "Amount", "spans": [{"bbox": [1198, 244, 1311, 263], "text": "Amount", "span_num": 57, "line_num": 0, "block_num": 0}]}, {"bbox": [1105.0, 285.0, 1352.0, 322.0], "column_nums": [5], "row_nums": [3], "column header": false, "subcell": false, "projected row header": false, "cell text": "nan", "spans": [{"bbox": [1309, 289, 1352, 311], "text": "nan", "span_num": 68, "line_num": 0, "block_num": 0}]}, {"bbox": [1105.0, 335.0, 1352.0, 358.0], "column_nums": [5], "row_nums": [4], "column header": false, "subcell": false, "projected row header": false, "cell text": "-", "spans": [{"bbox": [1325, 348, 1334, 351], "text": "-", "span_num": 77, "line_num": 0, "block_num": 0}]}, {"bbox": [1418.0, 207.0, 1554.0, 271.0], "column_nums": [6], "row_nums": [2], "column header": true, "subcell": false, "projected row header": false, "cell text": "Date of Transfer", "spans": [{"bbox": [1434, 209, 1500, 228], "text": "Date", "span_num": 44, "line_num": 0, "block_num": 0}, {"bbox": [1508, 207, 1536, 228], "text": "of", "span_num": 45, "line_num": 0, "block_num": 0}, {"bbox": [1418, 242, 1536, 263], "text": "Transfer", "span_num": 58, "line_num": 0, "block_num": 0}]}, {"bbox": [1418.0, 285.0, 1554.0, 322.0], "column_nums": [6], "row_nums": [3], "column header": false, "subcell": false, "projected row header": false, "cell text": "", "spans": []}, {"bbox": [1418.0, 335.0, 1554.0, 358.0], "column_nums": [6], "row_nums": [4], "column header": false, "subcell": false, "projected row header": false, "cell text": "", "spans": []}, {"bbox": [1566.0, 285.0, 1791.0, 322.0], "column_nums": [7], "row_nums": [3], "column header": false, "subcell": false, "projected row header": false, "cell text": "10,286", "spans": [{"bbox": [1675, 288, 1772, 315], "text": "10,286", "span_num": 69, "line_num": 0, "block_num": 0}]}, {"bbox": [1566.0, 335.0, 1791.0, 358.0], "column_nums": [7], "row_nums": [4], "column header": false, "subcell": false, "projected row header": false, "cell text": "-", "spans": [{"bbox": [1762, 348, 1771, 351], "text": "-", "span_num": 78, "line_num": 0, "block_num": 0}]}, {"bbox": [1566.0, 384.0, 1791.0, 406.0], "column_nums": [7], "row_nums": [5], "column header": false, "subcell": false, "projected row header": false, "cell text": "-", "spans": [{"bbox": [1762, 396, 1771, 399], "text": "-", "span_num": 87, "line_num": 0, "block_num": 0}]}, {"bbox": [1803.0, 285.0, 2015.0, 322.0], "column_nums": [8], "row_nums": [3], "column header": false, "subcell": false, "projected row header": false, "cell text": "-", "spans": [{"bbox": [1999, 301, 2008, 304], "text": "-", "span_num": 70, "line_num": 0, "block_num": 0}]}, {"bbox": [1803.0, 335.0, 2015.0, 358.0], "column_nums": [8], "row_nums": [4], "column header": false, "subcell": false, "projected row header": false, "cell text": "-", "spans": [{"bbox": [1999, 348, 2008, 351], "text": "-", "span_num": 79, "line_num": 0, "block_num": 0}]}, {"bbox": [1803.0, 384.0, 2015.0, 406.0], "column_nums": [8], "row_nums": [5], "column header": false, "subcell": false, "projected row header": false, "cell text": "-", "spans": [{"bbox": [1999, 396, 2008, 399], "text": "-", "span_num": 88, "line_num": 0, "block_num": 0}]}, {"bbox": [856.0, 20.0, 1093.0, 271.0], "column_nums": [4], "row_nums": [0, 1, 2], "column header": true, "projected row header": false, "cell text": "ee, Amount spentinthe Financial Year", "spans": [{"bbox": [856, 20, 1093, 54], "text": "ee,", "span_num": 1, "line_num": 0, "block_num": 0}, {"bbox": [961, 164, 1074, 205], "text": "Amount", "span_num": 32, "line_num": 0, "block_num": 0}, {"bbox": [910, 208, 1074, 235], "text": "spentinthe", "span_num": 43, "line_num": 0, "block_num": 0}, {"bbox": [875, 238, 1003, 271], "text": "Financial", "span_num": 55, "line_num": 0, "block_num": 0}, {"bbox": [1016, 244, 1075, 263], "text": "Year", "span_num": 56, "line_num": 0, "block_num": 0}]}, {"bbox": [6.0, 20.0, 844.0, 271.0], "column_nums": [1], "row_nums": [0, 1, 2], "column header": true, "projected row header": false, "cell text": "SE) Preceding Financial Year(s)", "spans": [{"bbox": [0, 20, 844, 54], "text": "SE)", "span_num": 0, "line_num": 0, "block_num": 0}, {"bbox": [89, 208, 228, 235], "text": "Preceding", "span_num": 39, "line_num": 0, "block_num": 0}, {"bbox": [89, 238, 215, 271], "text": "Financial", "span_num": 49, "line_num": 0, "block_num": 0}, {"bbox": [228, 238, 323, 271], "text": "Year(s)", "span_num": 50, "line_num": 0, "block_num": 0}]}, {"bbox": [1566.0, 20.0, 1791.0, 271.0], "column_nums": [7], "row_nums": [0, 1, 2], "column header": true, "projected row header": false, "cell text": "\u00a9. Amount remaining to be spentin succeeding Financial Years", "spans": [{"bbox": [1566, 20, 1791, 54], "text": "\u00a9.", "span_num": 3, "line_num": 0, "block_num": 0}, {"bbox": [1659, 72, 1772, 91], "text": "Amount", "span_num": 10, "line_num": 0, "block_num": 0}, {"bbox": [1590, 104, 1735, 131], "text": "remaining", "span_num": 16, "line_num": 0, "block_num": 0}, {"bbox": [1743, 106, 1772, 125], "text": "to", "span_num": 17, "line_num": 0, "block_num": 0}, {"bbox": [1620, 139, 1653, 160], "text": "be", "span_num": 26, "line_num": 0, "block_num": 0}, {"bbox": [1661, 140, 1771, 166], "text": "spentin", "span_num": 27, "line_num": 0, "block_num": 0}, {"bbox": [1613, 173, 1771, 200], "text": "succeeding", "span_num": 37, "line_num": 0, "block_num": 0}, {"bbox": [1643, 207, 1773, 228], "text": "Financial", "span_num": 46, "line_num": 0, "block_num": 0}, {"bbox": [1695, 244, 1772, 263], "text": "Years", "span_num": 59, "line_num": 0, "block_num": 0}]}, {"bbox": [620.0, 20.0, 826.0, 271.0], "column_nums": [3], "row_nums": [0, 1, 2], "column header": true, "projected row header": false, "cell text": "Balance Amountin Unspent CSR Account under Section 135(6)", "spans": [{"bbox": [712, 104, 825, 125], "text": "Balance", "span_num": 12, "line_num": 0, "block_num": 0}, {"bbox": [680, 139, 824, 160], "text": "Amountin", "span_num": 20, "line_num": 0, "block_num": 0}, {"bbox": [649, 175, 766, 200], "text": "Unspent", "span_num": 30, "line_num": 0, "block_num": 0}, {"bbox": [774, 174, 826, 194], "text": "CSR", "span_num": 31, "line_num": 0, "block_num": 0}, {"bbox": [620, 210, 735, 229], "text": "Account", "span_num": 41, "line_num": 0, "block_num": 0}, {"bbox": [743, 208, 826, 229], "text": "under", "span_num": 42, "line_num": 0, "block_num": 0}, {"bbox": [627, 242, 731, 263], "text": "Section", "span_num": 53, "line_num": 0, "block_num": 0}, {"bbox": [741, 243, 824, 267], "text": "135(6)", "span_num": 54, "line_num": 0, "block_num": 0}]}, {"bbox": [1105.0, 20.0, 1554.0, 192.0], "column_nums": [5, 6], "row_nums": [0, 1], "column header": true, "projected row header": false, "cell text": "ee: Amount transferred to a fund specified under Schedule Villas Der second Proviso to Section 135(5), if any", "spans": [{"bbox": [1105, 20, 1554, 54], "text": "ee:", "span_num": 2, "line_num": 0, "block_num": 0}, {"bbox": [1116, 64, 1230, 83], "text": "Amount", "span_num": 5, "line_num": 0, "block_num": 0}, {"bbox": [1237, 62, 1399, 83], "text": "transferred", "span_num": 6, "line_num": 0, "block_num": 0}, {"bbox": [1407, 64, 1436, 83], "text": "to", "span_num": 7, "line_num": 0, "block_num": 0}, {"bbox": [1445, 68, 1457, 83], "text": "a", "span_num": 8, "line_num": 0, "block_num": 0}, {"bbox": [1467, 62, 1532, 83], "text": "fund", "span_num": 9, "line_num": 0, "block_num": 0}, {"bbox": [1147, 96, 1274, 123], "text": "specified", "span_num": 13, "line_num": 0, "block_num": 0}, {"bbox": [1284, 96, 1367, 117], "text": "under", "span_num": 14, "line_num": 0, "block_num": 0}, {"bbox": [1374, 92, 1502, 139], "text": "Schedule", "span_num": 15, "line_num": 0, "block_num": 0}, {"bbox": [1132, 132, 1207, 151], "text": "Villas", "span_num": 21, "line_num": 0, "block_num": 0}, {"bbox": [1216, 136, 1261, 170], "text": "Der", "span_num": 22, "line_num": 0, "block_num": 0}, {"bbox": [1268, 130, 1367, 151], "text": "second", "span_num": 23, "line_num": 0, "block_num": 0}, {"bbox": [1377, 136, 1480, 170], "text": "Proviso", "span_num": 24, "line_num": 0, "block_num": 0}, {"bbox": [1487, 132, 1516, 151], "text": "to", "span_num": 25, "line_num": 0, "block_num": 0}, {"bbox": [1180, 166, 1283, 186], "text": "Section", "span_num": 33, "line_num": 0, "block_num": 0}, {"bbox": [1293, 166, 1386, 190], "text": "135(5),", "span_num": 34, "line_num": 0, "block_num": 0}, {"bbox": [1395, 165, 1413, 186], "text": "if", "span_num": 35, "line_num": 0, "block_num": 0}, {"bbox": [1419, 171, 1471, 192], "text": "any", "span_num": 36, "line_num": 0, "block_num": 0}]}, {"bbox": [371.0, 20.0, 577.0, 271.0], "column_nums": [2], "row_nums": [0, 1, 2], "column header": true, "projected row header": false, "cell text": "Amount transferred to Unspent CSR Accountunder Section 135(6)", "spans": [{"bbox": [463, 99, 577, 135], "text": "Amount", "span_num": 11, "line_num": 0, "block_num": 0}, {"bbox": [377, 139, 539, 160], "text": "transferred", "span_num": 18, "line_num": 0, "block_num": 0}, {"bbox": [548, 141, 576, 160], "text": "to", "span_num": 19, "line_num": 0, "block_num": 0}, {"bbox": [400, 175, 516, 200], "text": "Unspent", "span_num": 28, "line_num": 0, "block_num": 0}, {"bbox": [529, 174, 577, 194], "text": "CSR", "span_num": 29, "line_num": 0, "block_num": 0}, {"bbox": [371, 208, 577, 229], "text": "Accountunder", "span_num": 40, "line_num": 0, "block_num": 0}, {"bbox": [379, 242, 482, 263], "text": "Section", "span_num": 51, "line_num": 0, "block_num": 0}, {"bbox": [493, 243, 576, 267], "text": "135(6)", "span_num": 52, "line_num": 0, "block_num": 0}]}, {"bbox": [1803.0, 20.0, 2015.0, 271.0], "column_nums": [8], "row_nums": [0, 1, 2], "column header": true, "projected row header": false, "cell text": "Se: Deficiency, if any", "spans": [{"bbox": [1803, 20, 2015, 54], "text": "Se:", "span_num": 4, "line_num": 0, "block_num": 0}, {"bbox": [1856, 207, 2008, 234], "text": "Deficiency,", "span_num": 47, "line_num": 0, "block_num": 0}, {"bbox": [1934, 242, 1952, 263], "text": "if", "span_num": 60, "line_num": 0, "block_num": 0}, {"bbox": [1958, 248, 2009, 269], "text": "any", "span_num": 61, "line_num": 0, "block_num": 0}]}, {"bbox": [6.0, 20.0, 51.0, 271.0], "column_nums": [0], "row_nums": [0, 1, 2], "column header": true, "projected row header": false, "cell text": "Sl. No.", "spans": [{"bbox": [6, 208, 37, 229], "text": "Sl.", "span_num": 38, "line_num": 0, "block_num": 0}, {"bbox": [7, 244, 51, 263], "text": "No.", "span_num": 48, "line_num": 0, "block_num": 0}]}, {"bbox": [1105.0, 384.0, 1554.0, 406.0], "column_nums": [5, 6], "row_nums": [5], "column header": false, "projected row header": false, "cell text": "-", "spans": [{"bbox": [1325, 396, 1334, 399], "text": "-", "span_num": 86, "line_num": 0, "block_num": 0}]}]