Name of Entity,Relation,Amountin % crores,"Particulars of loan, guarantee and investments","PUPPVSeS Ur WHIT the loans, guarantee and investments are proposed to be utilised"
Unilever India Exports Limited,Subsidiary,349,Loan,Business purpose
Unilever India Limited,Subsidiary,144,Loan,Business purpose
Rudraksh Detergent and Chemicals Private Limited,-,2,Loan,Business purpose
Zywie Ventures Private Limited*,Subsidiary,264,Investments,Business purpose
Nutritionalab Private Limited*,Joint Venture,70,Investments,Business purpose
Mutual Funds and T-bills*,-,-699,Investments,Cash Management